Eil. Nr.,Adresas,Plotas,Patalpų charakteristika,Nuomininkas,Galioja_nuo,Galioja_iki,"Nuomos Mokestis, Eur/ mėn.","Parama, Eur/ metus",Seniūnija,Paskirtis,Tipas
1,Pergalės g. 16,592.88,"rūsys, 1 aukštas","UAB ""Sanum medicale""",2011-03-14,2026-03-14,171.71,,Naujosios Vilnios,Gydymo paskirčiai,Nuoma
2,Algirdo g. 31,135.14,2 aukštas,"viešoji įstaiga ""Vaikų linija""",2012-11-15,2021-07-01,39.14,4525,Naujamiesčio,Socialinių paslaugų teikimui,Nuoma
3,Antavilių g. 11,5139.39,"trys 2 aukštų gyvenamieji namai, 2 aukštų vagykla, trys vieno aukšto pavėsinės",VšĮ Antavilių pensionatas,2011-03-01,2021-03-01,1488.47,67840,Antakalnio,Socialinių paslaugų teikimui,Nuoma
4,Antavilių g. 17A,1084.72,"1 aukštas - pirtis, skalbykla ir pagalbinių patalpų pastatas",VšĮ Antavilių pensionatas,2011-03-01,2021-03-01,314.16,14318,Antakalnio,Socialinių paslaugų teikimui,Nuoma
5,Architektų g. 152,89.84,1 aukštas,"VILNIAUS MIESTO LABDAROS IR PARAMOS FONDAS ""HARĖ KRIŠNA MAISTAS KŪNUI IR SIELAI""",2013-12-21,2018-12-20,26.02,2642,Lazdynų,Socialinių paslaugų teikimui,Nuoma
6,Basanavičiaus g. 29,137.27,1 aukštas,Asociacija Vilniaus miesto neįgaliųjų draugija,2013-12-20,2018-12-20,39.76,13623,Naujamiesčio,Socialinių paslaugų teikimui,Nuoma
7,Gardino g. 2A,336.04,"1 aukšto pastatas, garažo patalpos",Labdaros ir paramos fondas Vilties centras,2015-05-09,2015-08.31,86.89,16636,Rasų,Socialinių paslaugų teikimui,Nuoma
8,Giros g. 84-1,67.22,1 aukštas,"Visuomeninė organizacija ""Gelbėkit vaikus""",2013-04-02,2018-04-02,19.47,4203,Fabijoniškių,Socialinių paslaugų teikimui,Nuoma
9,"Juozapavičiaus g. 10A-5, 101",311.2,"rūsys, 2 aukštas",Asociacija LIETUVOS RAUDONOJO KRYŽIAUS DRAUGIJA,2015-04-01,2020-04-01,90.25,17477,Šnipiškių,Socialinių paslaugų teikimui,Nuoma
10,Kaštonų g. 1A,50.77,"rūsys, 1 aukštas","Vilniaus miesto gausių šeimų bendrijos ""Vilniaus šeimyna"" labdaros ir paramos fondas ""Vilniaus šeimyna""",2014-03-18,2019-03-17,14.7,4186,Naujamiesčio,Socialinių paslaugų teikimui,Nuoma
11,Kaštonų g. 2,45.52,1 aukštas,"asociacija Lietuvos sutrikusio intelekto žmonių globos bendrija ""Viltis""",2014-10-17,2019-10-17,13.18,5020,Naujamiesčio,Socialinių paslaugų teikimui,Nuoma
12,Kaštonų g. 3-9,45.87,1 aukštas,"Vilniaus miesto gausių šeimų bendrijos ""Vilniaus šeimyna"" Labdaros ir paramos fondas ""Vilniaus šeimyna""",2014-03-18,2019-03-17,13.28,2280,Naujamiesčio,Socialinių paslaugų teikimui,Nuoma
13,Kauno g. 6,57.95,rūsys,ŽIV ir AIDS paveiktų moterų bei jų artimųjų asociacija,2015-02-01,2020-02-01,17.39,2086,Senamiesčio,Socialinių paslaugų teikimui,Nuoma
14,Naugarduko g. 26-2,74.33,1 aukštas,"Vilniaus miesto šeimų, turinčių psichikos ligonių, bendrija ""Būkime kartu""",2013-10-02,2018-10-02,21.53,6228,Naujamiesčio,Socialinių paslaugų teikimui,Nuoma
15,Skroblų g. 27,424.58,rūsys,viešoji įstaiga Vilkpėdės bendruomenės socialinių paslaugų centras,2015-01-01,2019-05-31,122.97,8396,Vilkpėdės,Socialinių paslaugų teikimui,Nuoma
16,Viršuliškių g. 34,68.73,2 aukštas,viešoji įstaiga „Pagalbos ir informacijos šeimai tarnyba“,2012-10-22,2017-10-22,19.91,1435,Viršuliškių,Socialinių paslaugų teikimui,Nuoma
17,Viršuliškių g. 53A,70.02,pusrūsis,Lietuvos žmonių su stuburo pažeidimais asociacija,2014-05-02,2018-05-02,20.28,2521,Viršuliškių,Socialinių paslaugų teikimui,Nuoma
18,Žirmūnų g. 123,109.48,cokolinis aukštas,Asociacija Lietuvos katalikių moterų sąjunga,2014-04-01,2019-03-31,31.71,2365,Žirmūnų,Socialinių paslaugų teikimui,Nuoma
19,Žolyno g. 47,287.05,2 aukštų pastatas,Žmonių su Dauno sindromu ir jų globėjų asociacija,2013-03-01,2018-03-01,83.14,9976,Antakalnio,Socialinių paslaugų teikimui,Nuoma
20,Aguonų g. 5,92.87,1-o aukšto pastatas,Vilniaus karo Afganistane veteranų sąjunga,2015-02-01,2020-02-01,27.86,8571,Naujamiesčio,Administracinei paskirčiai,Nuoma
21,Algirdo g. 31,67.65,2 aukštas,"viešoji įstaiga ""Savanorių centras""",2014-02-01,2019-02-01,19.59,,Naujamiesčio,Administracinei paskirčiai,Nuoma
22,Antakalnio g. 17,12.2,1 aukštas,Vilniaus politinių kalinių ir tremtinių bendrija,2015-03-15,2020-03-15,3.66,930,Antakalnio,Administracinei paskirčiai,Nuoma
23,Antakalnio g. 17,16.3,1 aukštas,Lietuvos politinių kalinių ir tremtinių bendrija,2015-03-15,2020-03-15,4.89,1240,Antakalnio,Administracinei paskirčiai,Nuoma
24,Aušros Vartų g. 16,95.6,pusrūsis,"Visuomeninė organizacija ""Vaikai-visuomenės dalis""",2014-05-01,2019-04-30,27.69,8031,Senamiesčio,Administracinei paskirčiai,Nuoma
25,Aušros Vartų g. 3-2,139.24,2 aukštas,Jungtinių Tautų vaikų fondo UNICEF Lietuvos nacionalinis komitetas,2010-12-01,2015-12-01,80.65,,Senamiesčio,Administracinei paskirčiai,Nuoma
26,Basanavičiaus g. 29,68.85,2 aukštas,Asociacija Lietuvos šachmatų federacija,2014-01-11,2019-01-11,19.94,5048,Naujamiesčio,Administracinei paskirčiai,Nuoma
27,Basanavičiaus g. 29,69.86,2 aukštas,LIETUVOS RERICHO DRAUGIJA IR VYDŪNO DRAUGIJA,2013-08-13,2023-08-13,20.23,5545,Naujamiesčio,Administracinei paskirčiai,Nuoma
28,Birželio 23-iosios g. 5,29.84,1 aukštas,"Viešoji įstaiga ""Menava""",2013-01-11,2018-01-11,25.93,,Naujamiesčio,Administracinei paskirčiai,Nuoma
29,Didžioji g. 8-5,90.98,1 aukštas,Lietuvos jaunimo organizacijų taryba,2015-04-01,2020-04-01,27.29,25198,Senamiesčio,Administracinei paskirčiai,Nuoma
30,Gedimino pr. 10,469.81,2 aukštas,Darbo partija,2014-08-12,2017-02-01,136.07,42452,Senamiesčio,Administracinei paskirčiai,Nuoma
31,Jogailos g. 11,177.09,3 aukštas,Nacionalinė žurnalistų kūrėjų asociacija,2011-01-29,2021-01-21,51.29,28433,Naujamiesčio,Administracinei paskirčiai,Nuoma
32,Jogailos g. 7,410.65,2 aukštas,Vilniaus apskrities vyriausiasis policijos komisariatas,2014-09-02,2019-09-02,278.3,,Naujamiesčio,Administracinei paskirčiai,Nuoma
33,Jogailos g. 7,33.2,garažas,Vilniaus apskrities vyriausiasis policijos komisariatas,2015-03-04,2020-04-03,22.58,,Naujamiesčio,Administracinei paskirčiai,Nuoma
34,Juozapavičiaus g. 10A-101,44.75,rūsys,Asociacija LIETUVOS JAUNŲJŲ KRIKŠČIONIŲ SĄJUNGA,2013-06-02,2018-06-02,12.96,891,Šnipiškių,Administracinei paskirčiai,Nuoma
35,Juozapavičiaus g. 10A-3A,12.14,1 aukštas,Visuomeninės organizacijos Lietuvai pagražinti Vilniaus draugija,2013-10-01,2018-09-30,3.51,691,Šnipiškių,Administracinei paskirčiai,Nuoma
36,Juozapavičiaus g. 10A-3A,46.77,1 aukštas,Valstybinė biudžetinė įstaiga Aplinkos apsaugos agentūra,2013-06-02,2018-06-02,13.55,1718,Šnipiškių,Administracinei paskirčiai,Nuoma
37,Kaštonų g. 4,58.85,2 aukštas,asociacija Nacionalinė žalingųjų įpročių prevencijos taryba,2015-01-06,2020-01-06,17.04,8467,Naujamiesčio,Administracinei paskirčiai,Nuoma
38,Kaštonų g. 4,55.46,1 aukštas,Lietuvos pagyvenusių žmonių asociacija,2014-11-01,2019-11-01,16.06,7980,Naujamiesčio,Administracinei paskirčiai,Nuoma
39,Pamėnkalnio g. 23,45.88,pusrūsis,Asociacija Lietuvai pagražinti draugija,2014-05-12,2019-05-11,13.29,2693,Naujamiesčio,Administracinei paskirčiai,Nuoma
40,Pamėnkalnio g. 26,48.55,1 aukštas,Lietuvos valstiečių ir žaliųjų sąjunga,2013-08-11,2018-08-10,14.06,7892,Naujamiesčio,Administracinei paskirčiai,Nuoma
41,Pašto g. 12,160.12,3 pastatai,"asociacija ""Lietuvos motociklistų klubas (LMK)""",2013-12-09,2018-12-08,46.37,,Panerių,Administracinei paskirčiai,Nuoma
42,Rotundo g. 5,103.43,"rūsys, 1 aukštas",Lietuvos rusų sąjunga,2012-12-28,2015-12-28,29.96,18618,Naujamiesčio,Administracinei paskirčiai,Nuoma
43,Rotundo g. 5,129.8,1 aukštas," viešoji įstaiga ""Socialinių projektų centras""",2012-11-14,2017-11-14,37.59,23364,Naujamiesčio,Administracinei paskirčiai,Nuoma
44,Savanorių pr. 49,20.23,1 aukštas,asociacija Lietuvos genealogijos ir heraldikos draugija,2013-03-15,2018-03-15,29.3,,Vilkpėdės,Administracinei paskirčiai,Nuoma
45,"Stiklių g. 6,8",98.88,2 aukštas,Vilniaus daugiabučių namų savininkų bendrijų asociacija,2013-06-01,2018-05-31,28.64,11866,Senamiesčio,Administracinei paskirčiai,Nuoma
46,"Stiklių g. 6,8",30.79,2 aukštas,Vilniaus miesto Vyresniojo Amžiaus Žmonių Asociacija,2014-10-15,2019-10-15,8.92,5583,Senamiesčio,Administracinei paskirčiai,Nuoma
47,"Stiklių g. 6,8",79.64,1 aukštas,Vilniaus medžiotojų draugija,2010-01-01,2021-01-01,23.07,14335,Senamiesčio,Administracinei paskirčiai,Nuoma
48,Stiklių g. 8,51.83,mansarda,Lietuvos nacionalinė vartotojų federacija,2014-05-01,2019-04-30,15.01,3813,Senamiesčio,Administracinei paskirčiai,Nuoma
49,Stuokos Gucevičiaus g. 11,271.93,"rūsys, 1 aukštas",Tėvynės sąjunga - Lietuvos krikščionys demokratai,1995-01-01,2093-04-21,189.8,,Senamiesčio,Administracinei paskirčiai,Nuoma
50,Šv. Jono g. 11,187.2,"rūsys, 1 aukštas",Lietuvos nacionalinės UNESCO komisijos sekretoriatas,2011-01-03,2016-01-03,194.1,,Senamiesčio,Administracinei paskirčiai,Nuoma
51,Tiškevičiaus g.  4-1,42.22,1 aukštas,Lietuvos hidrometeorologijos tarnyba,2011-03-27,2016-03-27,80.21,,Panerių,Administracinei paskirčiai,Nuoma
52,Vasario 16-osios g. 2,31.72,2 aukštas,"visuomeninė organizacija (asociacija) ""Konservatyvioji ateitis""",2013-08-05,2018-08-05,9.19,2918,Naujamiesčio,Administracinei paskirčiai,Nuoma
53,Vašingtono a. 1,252.95,"rūsys, 1 aukštas","Lietuvos prekybos, pramonės ir amatų rūmų asociacija",2014-10-09,2019-10-08,1011.8,,Naujamiesčio,Administracinei paskirčiai,Nuoma
54,Vašingtono a. 1-61,157.3,"rūsys, 1 aukštas","Asociacija ""Tėvynės atgimimas ir perspektyva""",2013-07-29,2018-07-29,45.56,22406,Naujamiesčio,Administracinei paskirčiai,Nuoma
55,Vašingtono a. 1-62,90.99,"1 aukštas, antresolė",Lietuvos automobilių klubas,2005-11-25,2015-11-25,343.9,,Naujamiesčio,Administracinei paskirčiai,Nuoma
56,Vilniaus g. 20,153.67,1 aukštas,Liberalų ir centro sąjunga,2010-08-24,2020-08-25,44.51,31220,Senamiesčio,Administracinei paskirčiai,Nuoma
57,Vilniaus g. 39,16.55,4 aukštas,"viešoji įstaiga ""Young Poor Artists""",2014-11-17,2019-11-17,76.79,,Senamiesčio,Administracinei paskirčiai,Nuoma
58,Vilniaus g. 39,13,4 aukštas,"Asociacija ""Krantų redakcija""",2009-01-01,2016-05-02,48.95,,Senamiesčio,Administracinei paskirčiai,Nuoma
59,Vilniaus g. 39,14.15,4 aukštas,Loreta Urbanavičienė,2014-04-01,2019-03-31,103.27,,Senamiesčio,Administracinei paskirčiai,Nuoma
60,Vytenio g. 13,60.82,"rūsys, 1 aukštas"," viešoji įstaiga ""Mono Stereo Įrašai""",2013-02-18,2018-02-18,17.61,4024,Naujamiesčio,Administracinei paskirčiai,Nuoma
61,Vytenio g. 6,123.75,1 aukštas,Vilniaus jachtklubas,2009-12-21,2017-12-21,35.84,6912,Naujamiesčio,Administracinei paskirčiai,Nuoma
62,Vrublevskio g. 4,188.46,1 aukštas,"Asociacija ""Vilniui ir Tautai""",2011-04-26,2021-04-26,54.58,21281,Senamiesčio,Administracinei paskirčiai,Nuoma
63,Vrublevskio g. 4,118.29,1 aukštas,"asociacija ""Gervėčių"" klubas",2013-11-04,2017-06-22,34.26,13358,Senamiesčio,Administracinei paskirčiai,Nuoma
64,Vrublevskio g. 4,83.69,1 aukštas,asociacija Lietuvos buriuotojų sąjunga,2015-04-27,2020-04-27,25.11,9450,Senamiesčio,Administracinei paskirčiai,Nuoma
65,Vrublevskio g. 6,67.71,4 aukštas,"UAB ""Magnatus""",2011-03-15,2016-03-15,237.28,,Senamiesčio,Administracinei paskirčiai,Nuoma
66,Vrublevskio g. 6,88.69,4 aukštas,UAB Vadybos ir psichologijos institutas,2012-08-01,2017-07-31,128.43,,Senamiesčio,Administracinei paskirčiai,Nuoma
67,Vrublevskio g. 6,303.01,3 aukštas,Lietuvos savivaldybių asociacija,2011-05-26,2016-05-26,263.27,,Senamiesčio,Administracinei paskirčiai,Nuoma
68,Žalioji a. 3,43.71,2 aukštas,Aurimas Šalčiūnas,2015-01-20,2020-01-20,31.03,,Panerių,Administracinei paskirčiai,Nuoma
69,Žalioji a. 3,75.31,2 aukštas,"UAB ""AUTOMOBILIŲ KIEMAS""",2006-03-10,2016-03-10,65.43,,Panerių,Administracinei paskirčiai,Nuoma
70,Žalioji a. 3,20.48,2 aukštas,"mažoji bendrija ""Juleda""",2014-03-25,2019-03-25,17.79,,Panerių,Administracinei paskirčiai,Nuoma
71,Žalioji a. 3,78.3,2 aukštas,Viešoji įstaiga Vizualinių komunikacijų studija,2011-03-16,2016-03-15,22.68,1889,Panerių,Administracinei paskirčiai,Nuoma
72,Žalioji a. 3,29.15,2 aukštas,"UAB ""Anglora""",2015-03-02,2020-03-02,37.31,,Panerių,Administracinei paskirčiai,Nuoma
73,Žirmūnų g. 143,21.27,1 aukštas,Vaisingumo asociacija,2013-12-01,2018-12-01,56.67,,Žirmūnų,Administracinei paskirčiai,Nuoma
74,Algirdo g. 32,150.28,2 aukštų ūkio pastatas,Vytautas Blažys,2013-02-11,2018-02-11,46.14,,Naujamiesčio,Sandėliavimo ir kt. pramoninei veiklai,Nuoma
75,Antakalnio g. 22,178.02,slėptuvė,"UAB ""Vilniaus betono gaminiai""",2010-11-18,2015-11-18,51.56,,Antakalnio,Sandėliavimo ir kt. pramoninei veiklai,Nuoma
76,Aušros Vartų g. 16C-37,34.58,rūsys,Algirdas Peteris,2014-05-01,2019-04-30,20.03,,Senamiesčio,Sandėliavimo ir kt. pramoninei veiklai,Nuoma
77,Aušros Vartų g. 16C-37,76.2,rūsys,Božena Pakalnienė,2014-05-01,2019-04-30,44.14,,Senamiesčio,Sandėliavimo ir kt. pramoninei veiklai,Nuoma
78,Eduardo Andrė g. 29A,473.65,pastatas (sandėlis),Viešoji įstaiga Vizualinių komunikacijų studija,2011-03-15,2016-03-16,137.18,7844,Panerių,Sandėliavimo ir kt. pramoninei veiklai,Nuoma
79,Graičiūno g. 20,2061.05,sandėlis (vieno aukšto),"asociacija ""N40 vyrų autoklubas""",2014-07-25,2026-07-24,596.92,38583,Panerių,Sandėliavimo ir kt. pramoninei veiklai,Nuoma
80,Graičiūno g. 20,6930.46,sandėlis (dviejų aukštų),"Asociacija ""Baltic Production Companies Association""",2011-09-19,2021-09-19,0.02,129738,Panerių,Sandėliavimo ir kt. pramoninei veiklai,Nuoma
81,Granito g. 11,3236.09,pastatai,"UAB ""SEA EDI""",2015-03-14,2015-06-30,1448.1,,Panerių,Sandėliavimo ir kt. pramoninei veiklai,Nuoma
82,Juozapavičiaus g. 10A-102,34.52,rūsys,"Uždaroji akcinė bendrovė ""Naujamiesčio būstas""",2012-04-18,2017-04-18,59.73,,Šnipiškių,Sandėliavimo ir kt. pramoninei veiklai,Nuoma
83,Klaipėdos g. 5,53,1-o aukšto ūkio pastatas,Antanas Garuckas,2015-03-04,2020-03-04,76.85,,Senamiesčio,Sandėliavimo ir kt. pramoninei veiklai,Nuoma
84,Svajonių g. 34,61.25,rūsys,Adolfas Pilipavičius,2015-04-01,2017-04.01,63.09,,Antakalnio,Sandėliavimo ir kt. pramoninei veiklai,Nuoma
85,Architektų g. 85,7000.27,"2 aukštų pastatas, tvora","""Versmės"" katalikiškoji gimnazija",2010-09-01,2020-08-31,1,84000,Lazdynų,Ugdymo veiklai,Nuoma
86,Ašmenos g. 8,564.95,"rūsys, pirmas aukštas",Vilniaus universitetas,2014-04-01,2024-03-31,163.62,37558,Senamiesčio,Ugdymo veiklai,Nuoma
87,Ašmenos g. 8,48.02,mansarda,"UAB ""Europos kinas""",2011-01-15,2016-01-15,69.54,,Senamiesčio,Ugdymo veiklai,Nuoma
88,Birželio 23-iosios g. 5,173.25,1 aukštas,Lietuvos krepšinio federacija,2015-01-05,2020-01-05,752.65,,Naujamiesčio,Ugdymo veiklai,Nuoma
89,Erfurto g. 13,6697.98,3 aukštų baseinas ir 1 aukšto sandėlis,viešoji įstaiga Lazdynų baseinas,2012-08-01,2022-08-01,0.29,,Lazdynų,Ugdymo veiklai,Nuoma
90,Geležinio Vilko g. 23,2469.94,"du 2 aukštų pastatai, kiemo statiniai",VšĮ Valdorfo mokykla,2009-09-01,2035-09-01,0.02,115000,Vilkpėdės,Ugdymo veiklai,Nuoma
91,"Grigiškės, Kadriškių g.  ",7375.8,stadionas,"VšĮ Vilniaus miesto futbolo draugija ""Žalgiris""",2011-04-28,2026-04-28,0.29,,Grigiškių,Ugdymo veiklai,Nuoma
92,Kaukysos g.  ,2582,"bėgimo takas, krepšinio aikštelė, aikštelė","viešoji įstaiga FK ""Liberus""",2014-02-10,2019-02-10,747.8,,Rasų,Ugdymo veiklai,Nuoma
93,Meškeriotojų g. 37,864.25,2 sporto aikštelės,Šiuolaikinio meno asociacija,2015-04-20,2020-04-20,259.28,6960,Antakalnio,Ugdymo veiklai,Nuoma
94,Pupinės g. 7,21.65,2 aukštas,"viešoji įstaiga ""Gelbėkit vaikus"" Salininkų vaikų dienos centras ""Šaltinis""",2014-06-02,2019-06-01,6.27,255,Naujininkų,Ugdymo veiklai,Nuoma
95,Subačiaus g. 41,2143.73,2 aukštų pastatas,VšĮ Tarptautinė Amerikos mokykla Vilniuje,,2035-04-14,620.86,132911,Rasų,Ugdymo veiklai,Nuoma
96,Šilo g. 13,174.9,2 aukštas,Viešoji įstaiga Vilniaus prancūzų pradinė mokykla,2009-09-17,2031-12-15,50.65,9256,Antakalnio,Ugdymo veiklai,Nuoma
97,Švitrigailos g. 7,377.99,"rūsys, 1 aukštas"," UAB ""Abadelės darželis""", 2015-07-08,2025-07-08,755.98,,Naujamiesčio,Ugdymo veiklai,Nuoma
98,Utenos g. 36,1334.29,2 aukštų pastatas - sandėlis,Viešoji įstaiga Vilniaus rankinio klubas,2015-01-01,2030-01-01,467.59,,Šnipiškių,Ugdymo veiklai,Nuoma
99,Užusienio g. 19,6574,sporto aikštelė (futbolo aikštelė),asociacija Užusienio bendruomenė,2015-04-10,2020-04-10,1,6000,Naujininkų,Ugdymo veiklai,Nuoma
100,Vilniaus g. 39,308.57,3 aukštas,"Viešoji įstaiga ""Artūro Noviko džiazo mokykla""",2014-07-14,2019-07-13,89.37,41900,Senamiesčio,Ugdymo veiklai,Nuoma
101,Vilniaus g. 39,316.72,3 aukštas,Valstybės institucijų kalbų centras,2013-02-01,2018-02-01,642.1,,Senamiesčio,Ugdymo veiklai,Nuoma
102,Vydūno g. 20-43,120.87,1 aukštas,viešoji įstaiga Krikščioniškas vaikų darželis,2014-10-01,2019-09-30,35.01,5240,Pilaitės,Ugdymo veiklai,Nuoma
103,Antakalnio g. 124,15,vestibiulio dalis,"UAB ""Reitan Cenvenience Lithuania""",2013-04-15,2018-04-15,130.33,,Antakalnio,Komercinei (prekybos ir paslaugų veiklai),Nuoma
104,Antakalnio g. 124,159.96,1 aukštas,"UAB ""Universiteto vaistinė""",2013-07-10,2020-01-01,1390.05,,Antakalnio,Komercinei (prekybos ir paslaugų veiklai),Nuoma
105,Antakalnio g. 124,56.28,garažo patalpa,"UAB ""Patikimo automobiliai""",2014-10-01,2019-09-30,48.9,,Antakalnio,Komercinei (prekybos ir paslaugų veiklai),Nuoma
106,Antakalnio g. 124,455.08,1 aukštas,"UAB ""Banga plius""",2015-04-01,2016-08-08,741.78,,Antakalnio,Komercinei (prekybos ir paslaugų veiklai),Nuoma
107,Antakalnio g. 124,185.31,"rūsys, 1 aukštas",J. Zachaževskienės įmonė,2013-09-10,2019-07-05,966.05,,Antakalnio,Komercinei (prekybos ir paslaugų veiklai),Nuoma
108,Antakalnio g. 124,216.35,1 aukštas,"UAB ""Michel ir partneriai""",2013-07-12,2018-07-12,1879.78,,Antakalnio,Komercinei (prekybos ir paslaugų veiklai),Nuoma
109,Antakalnio g. 124,2670,aikštelė,"UAB ""Patikimi automobiliai""",2013-07-19,2015-12-31,773.29,32040,Antakalnio,Komercinei (prekybos ir paslaugų veiklai),Nuoma
110,Antakalnio g. 57,65.32,1 aukštas,UAB RAMUNĖLĖS VAISTINĖ,2014-11-01,2019-11-01,945.9,,Antakalnio,Komercinei (prekybos ir paslaugų veiklai),Nuoma
111,Antakalnio g. 57,22.96,cokolinis aukštas,"UAB ""Nika""",2008-06-04,2016-06-04,106.39,,Antakalnio,Komercinei (prekybos ir paslaugų veiklai),Nuoma
112,Antakalnio g. 57,26.76,1 aukštas,"UAB ""Nika""",2008-06-04,2016-06-04,124,,Antakalnio,Komercinei (prekybos ir paslaugų veiklai),Nuoma
113,Antakalnio g. 59,9.42,1 aukštas,"Uždaroji akcinė bendrovė ""Limeta""",2013-04-15,2018-04-15,83.21,,Antakalnio,Komercinei (prekybos ir paslaugų veiklai),Nuoma
114,Antakalnio g. 59,19.23,rūsys,"IĮ ""Meščeriakovos J. S. kirpykla""",2009-04-07,2019-04-07,94.68,,Antakalnio,Komercinei (prekybos ir paslaugų veiklai),Nuoma
115,Antakalnio g. 59,145.39,10 aukštas,"UAB ""Nika""",2008-12-31,2018-12-31,631.62,,Antakalnio,Komercinei (prekybos ir paslaugų veiklai),Nuoma
116,Antakalnio g. 59,3.92,1 aukštas,"UAB ""Vaskota""",2008-05-21,2017-12-31,57.9,,Antakalnio,Komercinei (prekybos ir paslaugų veiklai),Nuoma
117,Antakalnio g. 59,87.64,1 aukštas,"UAB ""Tamro vaistinė""",2013-01-01,2017-12-31,634.56,,Antakalnio,Komercinei (prekybos ir paslaugų veiklai),Nuoma
118,Antakalnio g. 59,143.89,rūsys,"UAB ""Nemuno vaistinė""",2015-01-01,2019-12-31,1754.87,,Antakalnio,Komercinei (prekybos ir paslaugų veiklai),Nuoma
119,Antakalnio g. 59,71.42,1 aukštas,"UAB ""Nemuno vaistinė""",2010-11-15,2020-11-16,1042.71,,Antakalnio,Komercinei (prekybos ir paslaugų veiklai),Nuoma
120,Apkasų g. 12D,815.9,2 aukštų pastatas,"UAB ""Staipa""",2014-06-30,2019-06-30,2366.11,,Žirmūnų,Komercinei (prekybos ir paslaugų veiklai),Nuoma
121,Architektų g. 17,347.51,patalpos 2 aukštų pastate,"UAB ""Universiteto vaistinė""",2011-05-10,2016-05-10,1509.69,,Lazdynų,Komercinei (prekybos ir paslaugų veiklai),Nuoma
122,Architektų g. 19,1518,automobilių stovėjimo aikštelė,"UAB ""Baltijos NT valdymas""",2013-12-09,2018-12-09,444.04,,Lazdynų,Komercinei (prekybos ir paslaugų veiklai),Nuoma
123,Asanavičiūtės g.  ,1782,"automobilių aikštelė, šaligatvis","UAB ""Karoliniškių būstas""",2013-02-11,2018-02-11,516.1,,Karoliniškių,Komercinei (prekybos ir paslaugų veiklai),Nuoma
124,Asanavičiūtės g. 27A,56.62,1 aukštas,"UAB ""Manahuna""",2013-06-20,2018-06-20,528.26,,Karoliniškių,Komercinei (prekybos ir paslaugų veiklai),Nuoma
125,Asanavičiūtės g. 27A,16.24,1 aukštas,"UAB ""Manahuna""",2014-08-04,2019-08-04,108.16,,Karoliniškių,Komercinei (prekybos ir paslaugų veiklai),Nuoma
126,Ateities g.  ,600,dalis aikštelės,"UAB ""Banga plius""",2012-04-16,2015-11-18,173.77,,Verkių,Komercinei (prekybos ir paslaugų veiklai),Nuoma
127,Ateities g.  ,2029.8,aikštelė,"UAB ""Dorkanas""",2010-11-18,2015-11-18,587.87,,Verkių,Komercinei (prekybos ir paslaugų veiklai),Nuoma
128,"Barboros Radvilaitės g. 4, 6",888.24,"2 vieno aukšto pastatai, rūsys, 1, 2 aukštas","UAB ""Magreira""",2004-02-20,2033-04-01,4648.55,,Senamiesčio,Komercinei (prekybos ir paslaugų veiklai),Nuoma
129,Barboros Radvilaitės g. 6A,217.84,pastatas-pavilionas,UAB Matillda,2015-07-01,2017-03.01,788.64,,Senamiesčio,Komercinei (prekybos ir paslaugų veiklai),Nuoma
130,Basanavičiaus g. 1,89.76,1 aukštas,"UAB ""Baltas medis""",2014-10-01,2019-04-15,311.96,,Senamiesčio,Komercinei (prekybos ir paslaugų veiklai),Nuoma
131,Čiurlionio g. 88A,112.12,pastatas - viešasis tualetas,"UAB ""Alaton""",2015-01-20,2020-01-20,359.91,,Vilkpėdės,Komercinei (prekybos ir paslaugų veiklai),Nuoma
132,Dariaus ir Girėno g. 18,60.15,patalpos,"UAB ""Gintarinė vaistinė""",2008-01-31,2018-01-03,696.83,,Naujininkų,Komercinei (prekybos ir paslaugų veiklai),Nuoma
133,Dariaus ir Girėno g. 69,24.45,1 aukštas,"UAB ""Militė""",2015-05-17,2020-05-17,118.83,,Naujininkų,Komercinei (prekybos ir paslaugų veiklai),Nuoma
134,Didlaukio g. 70-1,68.8,1 aukštas,Akcinė bendrovė Lietuvos paštas,2013-05-01,2018-04-30,378.59,,Verkių,Komercinei (prekybos ir paslaugų veiklai),Nuoma
135,Didžioji g. 31,220,1 aukštas,"Uždaroji akcinė bendrovė ""Palangos tauras""",2011-06-01,2016-12-31,1911.49,,Senamiesčio,Komercinei (prekybos ir paslaugų veiklai),Nuoma
136,Gardino g. 2A,49.5,garažo patalpos,"K. Tomaševič įmonė ""Tomnira""",2015-05-09,2015-12.31,78.85,,Rasų,Komercinei (prekybos ir paslaugų veiklai),Nuoma
137,Gedimino pr. 13,534.27,"pusrūsis, 1 aukštas","UAB ""Vilniaus centrinis knygynas""",2012-06-01,2022-06-01,1547.35,,Naujamiesčio,Komercinei (prekybos ir paslaugų veiklai),Nuoma
138,Gedimino pr. 2A,198.94,1 aukštas,"UAB ""Vagos prekyba""",2009-09-08,2018-03-01,4033.19,,Senamiesčio,Komercinei (prekybos ir paslaugų veiklai),Nuoma
139,Gedvydžių g. 25A,26.53,patalpos,Romo Vielavičiaus individuali įmonė,2013-03-01,2018-03-01,230.51,,Šeškinės,Komercinei (prekybos ir paslaugų veiklai),Nuoma
140,Geležinio Vilko g.  ,5322,automobilių stovėjimo aikštelė,"UAB ""Intereira""",2014-06-02,2019-06-02,1618.43,,Vilkpėdės,Komercinei (prekybos ir paslaugų veiklai),Nuoma
141,Gerosios Vilties g. 1A,68.61,1 aukštas,"UAB ""Apotheca vaistinė""",2011-06-01,2018-05-31,696.59,,Naujamiesčio,Komercinei (prekybos ir paslaugų veiklai),Nuoma
142,Goštauto g. 2,8,1 aukštas,Igoris Avdejevas,2014-04-01,2019-04-01,69.51,,Naujamiesčio,Komercinei (prekybos ir paslaugų veiklai),Nuoma
143,Granito g. 11,1,dalis kamino,"UAB ""Bitė-Lietuva""",2015-08-01,2020-08-01,349,,Panerių,Komercinei (prekybos ir paslaugų veiklai),Nuoma
144,Juozapavičiaus g. 10A-3,27.93,1 aukštas,"MB ""Bučelių architektūros ir dizaino dirbtuvės""",2014-06-02,2019-06-01,44.89,,Šnipiškių,Komercinei (prekybos ir paslaugų veiklai),Nuoma
145,Kalinausko g. 21,10.41,1 aukštas,"UAB ""Rijalis""",2012-05-08,2017-05-08,102.35,,Naujamiesčio,Komercinei (prekybos ir paslaugų veiklai),Nuoma
146,Kalinausko g. 21,94.27,"1, 2 aukštai","UAB ""Fotomenas""",2015-01-12,2020-01-12,500.57,,Naujamiesčio,Komercinei (prekybos ir paslaugų veiklai),Nuoma
147,Kalinausko g. 4,64.47,patalpos,"UAB ""Gintarinė vaistinė""",2008-01-31,2016-01-31,1296.22,,Senamiesčio,Komercinei (prekybos ir paslaugų veiklai),Nuoma
148,Kalvarijų g. 61,5431.57,19 pastatų," UAB ""KTVG""",2011-11-04,2036-11-04,30354.24,,Šnipiškių,Komercinei (prekybos ir paslaugų veiklai),Nuoma
149,Konstitucijos pr. 3A,35.17,požeminė perėja,"UAB ""Perukų pasaulis""",2014-10-27,2019-10-27,203.72,,Šnipiškių,Komercinei (prekybos ir paslaugų veiklai),Nuoma
150,Konstitucijos pr. 3A,35.15,požeminė perėja,Ryszard Ubysz,2015-04-01,2019-10-27,203.6,,Šnipiškių,Komercinei (prekybos ir paslaugų veiklai),Nuoma
151,Konstitucijos pr. 3A,6.41,prie požeminės perėjos,"UAB ""Reitan Convenience Lithuania""",2014-09-12,2019-09-11,92.82,,Šnipiškių,Komercinei (prekybos ir paslaugų veiklai),Nuoma
152,Konstitucijos pr. 3A,35.43,požeminė perėja,"UAB ""Spekuliacija""",2014-07-02,2019-07-02,205.22,,Šnipiškių,Komercinei (prekybos ir paslaugų veiklai),Nuoma
153,Konstitucijos pr. 3A,38.86,požeminė perėja,I.Žukovskio personalinė firma,2014-07-02,2019-07-02,225.09,,Šnipiškių,Komercinei (prekybos ir paslaugų veiklai),Nuoma
154,Konstitucijos pr. 3A,35.55,požeminė perėja,Ilona Miladovska,2014-09-08,2019-09-08,205.92,,Šnipiškių,Komercinei (prekybos ir paslaugų veiklai),Nuoma
155,Konstitucijos pr. 3A,35.38,požeminė perėja,"J. Veršovskienės individuali įmonė ""VERSILIJA""",2014-09-08,2019-09-08,204.94,,Šnipiškių,Komercinei (prekybos ir paslaugų veiklai),Nuoma
156,Konstitucijos pr. 3A,35.53,požeminė perėja,Ryszard Ubysz individuali įmonė,2014-07-02,2019-07-02,205.8,,Šnipiškių,Komercinei (prekybos ir paslaugų veiklai),Nuoma
157,Konstitucijos pr. 3A,50.55,požeminė perėja,I.Žukovskio personalinė firma,2014-08-04,2019-08-03,439.21,,Šnipiškių,Komercinei (prekybos ir paslaugų veiklai),Nuoma
158,Konstitucijos pr. 3A,42.71,požeminė perėja,"V.Garlausko komercinė - gamybinė firma ""Manta""",2014-09-08,2019-09-08,247.39,,Šnipiškių,Komercinei (prekybos ir paslaugų veiklai),Nuoma
159,Konstitucijos pr. 3A,35.42,požeminė perėja,Ryszard Ubysz individuali įmonė,2014-10-27,2019-10-27,205.17,,Šnipiškių,Komercinei (prekybos ir paslaugų veiklai),Nuoma
160,Konstitucijos pr. 3A,35.2,požeminė perėja,Ryszard Ubysz individuali įmonė,2014-12-12,2019-12-12,203.89,,Šnipiškių,Komercinei (prekybos ir paslaugų veiklai),Nuoma
161,Konstitucijos pr. 3A,50.94,požeminė perėja,Ryszard Ubysz,2015-04-01,2019-08-03,295.06,,Šnipiškių,Komercinei (prekybos ir paslaugų veiklai),Nuoma
162,Konstitucijos pr. 3A,35.5,požeminė perėja,Ryszard Ubysz individuali įmonė,2014-10-27,2019-10-27,205.63,,Šnipiškių,Komercinei (prekybos ir paslaugų veiklai),Nuoma
163,Konstitucijos pr. 3A,35.49,požeminė perėja,"UAB ""Gmantika""",2014-10-27,2019-10-27,205.57,,Šnipiškių,Komercinei (prekybos ir paslaugų veiklai),Nuoma
164,Konstitucijos pr. 3A,37.01,požeminė perėja, I. Žukovskio personali firma,2014-10-27,2019-10-27,214.38,,Šnipiškių,Komercinei (prekybos ir paslaugų veiklai),Nuoma
165,Konstitucijos pr. 3A,35.48,požeminė perėja,"UAB ""Perukų pasaulis""",2014-10-27,2019-10-27,205.51,,Šnipiškių,Komercinei (prekybos ir paslaugų veiklai),Nuoma
166,Konstitucijos pr. 3A,34.92,požeminė perėja,Ryszard Ubysz individuali įmonė,2014-10-27,2019-10-27,202.27,,Šnipiškių,Komercinei (prekybos ir paslaugų veiklai),Nuoma
167,Kosciuškos g. 0,56,paviljonas (kavinė),"UAB ""RIEKĖ""",,,843.37,,Senamiesčio,Komercinei (prekybos ir paslaugų veiklai),Nuoma
168,Liejyklos g. 8,558.76,pastatas 2-jų aukštų su mansarda,"UAB ""AVPRO""",2015-03-24,2018-03-31,1013.67,,Senamiesčio,Komercinei (prekybos ir paslaugų veiklai),Nuoma
169,Maironio ties sankryža su Aukštaičių g.  ,76,paviljonas (kavinė),"UAB ""RIEKĖ""",,,1144.58,,Senamiesčio,Komercinei (prekybos ir paslaugų veiklai),Nuoma
170,Parodų g. 2,38.26,"kontrolės punktas, tvora, kiemo aikštelė","UAB ""Delca invest""",2015-06-01,2024-08-03,8721.76,,Lazdynų,Komercinei (prekybos ir paslaugų veiklai),Nuoma
171,Pelesos g.  ,1478,automobilių stovėjimo aikštelė,"UAB ""Dmitrijus""",2013-10-21,2016-10-21,486.56,,Naujininkų,Komercinei (prekybos ir paslaugų veiklai),Nuoma
172,Pilies (ties K. Sirvydo skveru) g.  ,29,prekybos paviljonas Nr. 0,"SĮ ""Susisiekimo paslaugos""",2012-10-01,2017-09-30,8.4,6716,Senamiesčio,Komercinei (prekybos ir paslaugų veiklai),Nuoma
173,Pilies (ties K. Sirvydo skveru) g.  ,29,prekybos paviljonas Nr. 2,"UAB ""Vidmil""",2013-02-25,2017-01-10,559.37,,Senamiesčio,Komercinei (prekybos ir paslaugų veiklai),Nuoma
174,Pylimo g. 21B,427.81,1 aukšto pastatas - gėlių parduotuvė,"viešoji įstaiga ""Involved""",2014-02-15,2019-02-15,763.24,,Senamiesčio,Komercinei (prekybos ir paslaugų veiklai),Nuoma
175,Pylimo g. 3,33.48,1 aukštas,"UAB ""Gintarinė vaistinė""",2009-05-01,2016-05-01,750.42,,Naujamiesčio,Komercinei (prekybos ir paslaugų veiklai),Nuoma
176,Pylimo g. 58,10036.1,1-o aukšto pastatas,"UAB ""Tugva""",2002-04-01,2022-04-01,14184.88,,Senamiesčio,Komercinei (prekybos ir paslaugų veiklai),Nuoma
177,Rinktinės g. 44,47.46,1-o aukšto pastatas,"UAB ""KTVG""",2011-11-04,2036-11-04,255.53,,Šnipiškių,Komercinei (prekybos ir paslaugų veiklai),Nuoma
178,Rūdninkų g. 8,387.56,"rūsys, 1, 2 aukštas","UAB ""Sanmarko""",2011-03-15,2016-03-15,224.49,,Senamiesčio,Komercinei (prekybos ir paslaugų veiklai),Nuoma
179,Rugių g.  ,424,automobilių stovėjimo aikštelė,"UAB ""Intereira""",2014-08-04,2019-08-03,125.25,,Verkių,Komercinei (prekybos ir paslaugų veiklai),Nuoma
180,Rugių g.  ,468,automobilių stovėjimo aikštelė,"UAB ""Intereira""",2014-08-04,2019-08-03,138.25,,Verkių,Komercinei (prekybos ir paslaugų veiklai),Nuoma
181,Sausupio g. 19,12372.35,automobilių stovėjimo aikštelė,"UAB ""Sausupio projektai""",2013-06-17,2018-06-17,3762.44,,Vilkpėdės,Komercinei (prekybos ir paslaugų veiklai),Nuoma
182,Savanorių pr.  ,2676,automobilių stovėjimo aikštelė,"UAB ""Autoplovyklų servisas""",2013-08-01,2018-07-31,899.03,,Vilkpėdės,Komercinei (prekybos ir paslaugų veiklai),Nuoma
183,Sirokomlės g. 8,31.42,patalpos,"UAB ""Tamro vaistinė""",2013-01-01,2017-12-31,282.1,,Naujosios Vilnios,Komercinei (prekybos ir paslaugų veiklai),Nuoma
184,Sirokomlės g. 8,89.85,rūsys,"UAB ""Nemuno vaistinė""",2010-11-15,2020-11-16,811.12,,Naujosios Vilnios,Komercinei (prekybos ir paslaugų veiklai),Nuoma
185,Stanevičiaus g. 24,243.97,2 aukštas,"UAB ""Init""",2014-12-04,2019-12-04,1463.34,,Fabijoniškių,Komercinei (prekybos ir paslaugų veiklai),Nuoma
186,Stiklių g. 5,181.15,1 aukštas,"UAB ""ES Invest""",2014-09-01,2019-07-03,1862.5,,Senamiesčio,Komercinei (prekybos ir paslaugų veiklai),Nuoma
187,Stiklių g. 5,121.8,1 aukštas,"UAB ""Bambalynė""",2014-02-15,2019-02-15,1234.65,,Senamiesčio,Komercinei (prekybos ir paslaugų veiklai),Nuoma
188,Šeimyniškių g. 23,1445,"aikštelė, pėsčiųjų takai","UAB ""ALIO""",2014-02-10,2019-02-10,544.05,,Žirmūnų,Komercinei (prekybos ir paslaugų veiklai),Nuoma
189,Šeškinės g. 24,67.77,1 aukštas,UAB BENU vaistinė,2013-01-01,2017-12-31,588.83,,Šeškinės,Komercinei (prekybos ir paslaugų veiklai),Nuoma
190,Šeškinės g. 24,60,1 aukštas,"UAB ""Nemuno vaistinė""",2015-02-11,2020-02-10,868.86,,Šeškinės,Komercinei (prekybos ir paslaugų veiklai),Nuoma
191,Šeškinės g. 24,13.88,4 aukštas,O. Šachrai įmonė,2013-11-24,2018-11-24,241.2,,Šeškinės,Komercinei (prekybos ir paslaugų veiklai),Nuoma
192,Šeškinės g. 30A,125.52,1-o aukšto pastatas,"UAB ""ŠILĖJA""",2012-01-25,2017-01-25,1090.59,,Šeškinės,Komercinei (prekybos ir paslaugų veiklai),Nuoma
193,Šopeno g. 3,1687.61,"1, 2, 3, 4 aukštai ir mansarda","UAB ""Sertona""",2014-11-01,2019-04-23,1026.41,,Senamiesčio,Komercinei (prekybos ir paslaugų veiklai),Nuoma
194,Šventaragio (Odminių) skveras,13.97,spaudos kioskas,"UAB ""Reitan Convenience Lithuania""",2015-03-17,2020-03-17,283.17,,Senamiesčio,Komercinei (prekybos ir paslaugų veiklai),Nuoma
195,Šventaragio g. 2,14.9,vieta lieto metalo paviljone,"UAB ""Reitan Convenience Lithuania""",2008-12-01,2018-12-01,345.23,,Senamiesčio,Komercinei (prekybos ir paslaugų veiklai),Nuoma
196,Tiškevičiaus g. 1,46.92,1 aukštas,Akcinė bendrovė Lietuvos paštas,2012-06-01,2017-06-01,81.53,,Panerių,Komercinei (prekybos ir paslaugų veiklai),Nuoma
197,Universiteto g. 2,503.19,"rūsys, 1, 2 aukštas","IĮ ""Periodont""",2015-03-16,2017-11.05,2837.99,,Senamiesčio,Komercinei (prekybos ir paslaugų veiklai),Nuoma
198,Universiteto g. 2,707.49,"rūsys, 1, 2 aukštas","UAB ""Universiteto vaistinė""",2015-03-16,2018-08.31,4103.44,,Senamiesčio,Komercinei (prekybos ir paslaugų veiklai),Nuoma
199,Vienuolio g.  ,27,lieto metalo paviljonas,"Uždaroji akcinė bendrovė ""Reitan Convenience Lithuania""",2015-07-19,2020-07-19,625.59,,Naujamiesčio,Komercinei (prekybos ir paslaugų veiklai),Nuoma
200,Vilniaus g. 20,84.96,1 aukštas,"UAB ""Batas""",2006-04-01,2016-04-02,639.76,,Senamiesčio,Komercinei (prekybos ir paslaugų veiklai),Nuoma
201,Vilniaus g. 22,288.84,"rūsys, 1 aukštas","UAB ""Imperatoriaus rūmai""",2013-06-17,2018-06-17,5437.5,,Senamiesčio,Komercinei (prekybos ir paslaugų veiklai),Nuoma
202,Vilniaus g. 22,30,1 aukštas,"UAB ""Šimtas obuolių""",2012-09-14,2017-05-08,456.33,,Senamiesčio,Komercinei (prekybos ir paslaugų veiklai),Nuoma
203,Vilniaus g. 22,51.33,1 aukštas,"UAB ""Reitan Cenvenience Lithuania""",2014-12-01,2019-01-05,891.97,,Senamiesčio,Komercinei (prekybos ir paslaugų veiklai),Nuoma
204,Vilniaus g. 39,29.4,4 aukštas,"mažoji bendrija ""Horos""",2013-10-10,2018-10-10,171.32,,Senamiesčio,Komercinei (prekybos ir paslaugų veiklai),Nuoma
205,Vilniaus g. 39,16.01,4 aukštas,Dalia Vyčinienė,2013-06-02,2018-06-02,86.89,,Senamiesčio,Komercinei (prekybos ir paslaugų veiklai),Nuoma
206,Vilniaus g. 39,399.73,3 aukštas,"Nidos Rutkienės individuali galerija ""Vartai""",2015-01-03,2025-01-03,151.9,,Senamiesčio,Komercinei (prekybos ir paslaugų veiklai),Nuoma
207,Vilniaus g. 39,106.55,1 aukštas,"UAB ""BLISS fashion""",2015-05-17,2020-05-17,1129.43,,Senamiesčio,Komercinei (prekybos ir paslaugų veiklai),Nuoma
208,Vilniaus g. 39,168.16,1 aukštas,"UAB ""Delta Management Solutions""",2010-10-01,2015-10-01,1266.27,,Senamiesčio,Komercinei (prekybos ir paslaugų veiklai),Nuoma
209,Vilniaus g. 39,81.16,1 aukštas,"UAB ""Trys bokalai""",2014-11-01,2016-03-15,1480.85,,Senamiesčio,Komercinei (prekybos ir paslaugų veiklai),Nuoma
210,Vilniaus g. 39,66.13,2 aukštas,"UAB ""Trys bokalai""",2014-11-01,2016-05-16,995.93,,Senamiesčio,Komercinei (prekybos ir paslaugų veiklai),Nuoma
211,Vytenio g. 59,61.04,1 aukštas,"UAB ""Apotheca vaistinė""",2011-06-01,2018-05-31,707.14,,Naujamiesčio,Komercinei (prekybos ir paslaugų veiklai),Nuoma
212,Vokiečių g. 6,788.65,"rūsys, 1 aukštas","UAB ""Šeimininkas""",2013-02-01,2026-03-15,813.13,,Senamiesčio,Komercinei (prekybos ir paslaugų veiklai),Nuoma
213,Žemynos g. 23-20,61.4,1 aukštas,Akcinė bendrovė Lietuvos pašto filialas Vilniaus apskrities centrinis paštas,2005-01-01,2010-01-01,160.04,,Pašilaičių,Komercinei (prekybos ir paslaugų veiklai),Nuoma
214,Žirmūnų g. 2-101,200.16,1 aukštas,"UAB ""Vagos prekyba""",2014-12-02,2019-12-02,1200.96,,Žirmūnų,Komercinei (prekybos ir paslaugų veiklai),Nuoma
215,Žirnių g.  ,11620.64,automobilių stovėjimo aikštelė,"UAB ""FE REAL ESTATE""",2014-11-24,2113-11-24,289.62,,Naujininkų,Komercinei (prekybos ir paslaugų veiklai),Nuoma
216,Žvirkos g. 2,29.65,1 aukštas,"Mažoji bendrija ""Artūras ir partneriai""",2014-11-17,2019-11-17,145.88,,Naujininkų,Komercinei (prekybos ir paslaugų veiklai),Nuoma
217,Antakalnio g. 17,8338.13,"14 pastatų, kiemo statiniai, fekalinės kanalizacijos ir šalto vandentiekio vamzdynai, šilumos trasa",Viešoji įstaiga Vilniaus technologijų ir meno centras,2015-07-01,2040-07-01,2418.06,294918,Antakalnio,Kultūros veiklai,Nuoma
218,Ašmenos g. 8,163.75,2 aukštas,Viešoji įstaiga Teatras ATVIRAS RATAS,2010-02-01,2020-02-01,49.13,10886,Senamiesčio,Kultūros veiklai,Nuoma
219,Ašmenos g. 8,100.97,2 aukštas,"viešoji įstaiga ""Vilniaus Miesto Opera""",2015-01-01,2019-12-31,30.41,6707,Senamiesčio,Kultūros veiklai,Nuoma
220,Basanavičiaus g. 22,30.75,1 aukštas,VšĮ Evaldo Janso studija,2014-11-01,2018-06-17,45.51,,Naujamiesčio,Kultūros veiklai,Nuoma
221,Bernardinų g. 6,475.8,"2 aukštas, pastogė",Sigitas Staniūnas,2010-03-01,2020-03-01,137.8,20800,Senamiesčio,Kultūros veiklai,Nuoma
222,Bokšto g. 9,349.18,1 ir 2 aukštai,"Viešoji įstaiga ""Kulinarinio paveldo muziejus""",2014-05-23,2034-05-22,101.13,30127,Senamiesčio,Kultūros veiklai,Nuoma
223,Goštauto g. 2,30,1 aukštas,"viešoji įstaiga ""Skalvijos"" kino centras",2013-08-12,2018-08-12,8.69,,Naujamiesčio,Kultūros veiklai,Nuoma
224,Goštauto g. 2,272.82,"1, 2 aukštai","Viešoji įstaiga ""Studija Kinema""",2012-02-17,2017-08-15,229.14,,Naujamiesčio,Kultūros veiklai,Nuoma
225,Goštauto g. 2,96.13,"1, 2 aukštai","UAB ""Ultra Nominum""",2010-05-04,2017-08-15,80.74,,Naujamiesčio,Kultūros veiklai,Nuoma
226,Goštauto g. 4,58.98,1 aukštas," Viešoji įstaiga ""Kino aljansas""",2011-08-16,2016-08-16,17.08,7375,Naujamiesčio,Kultūros veiklai,Nuoma
227,Išganytojo g. 2,73.41,1 aukštas,Rusų kultūros centras,2010-11-01,2015-11-01,21.26,13214,Senamiesčio,Kultūros veiklai,Nuoma
228,Malūnų g. 8,164.26,"1 aukštas, ūkinis pastatas",viešoji įstaiga Jono Meko vizualinių menų centras,2015-04-20,2025-04-20,49.28,,Senamiesčio,Kultūros veiklai,Nuoma
229,Meistrų g. 12C,34.8,kiemo statiniai,"UAB ""Vilniaus kino klasteris""",2012-01-23,2017-01-23,10.08,,Naujininkų,Kultūros veiklai,Nuoma
230,Meistrų g. 12C,1530.42,pastatas-sporto salė,"Viešoji įstaiga ""Cinerama""",2005-05-05,2021-05-05,443.24,,Naujininkų,Kultūros veiklai,Nuoma
231,Mėsinių g. 3,243.69,"rūsys, 1 aukštas, mansarda",Viešoji įstaiga Žydų kultūros ir informacijos centras,2015-08-01,2025-08-01,73.11,11856.75,Senamiesčio,Kultūros veiklai,Nuoma
232,Pamėnkalnio g. 23-51,43.19,pusrūsis,Juozas Marcinkevičius,2007-11-01,2017-11-02,92.94,,Naujamiesčio,Kultūros veiklai,Nuoma
233,Stanevičiaus g. 24,252.34,rūsys-techninės patalpos,"Viešoji Įstaiga ""RAGANIUKĖS TEATRAS""",2012-01-23,2017-01-23,73.81,,Fabijoniškių,Kultūros veiklai,Nuoma
234,Stanevičiaus g. 24,439.18,"1, 2 aukštai","Viešoji Įstaiga ""RAGANIUKĖS TEATRAS""",2011-10-25,2016-10-25,127.2,13070,Fabijoniškių,Kultūros veiklai,Nuoma
235,Stiklių g. 4,134.65,rūsys,"viešoji įstaiga ""Kūrybos laboratorija""",2015-05-01,2025-05-01,40.4,8483,Senamiesčio,Kultūros veiklai,Nuoma
236,"Stiklių g. 6,8",88.03,"2, 3 aukštai",Viešoji įstaiga Lietuvos tautinių mažumų folkloro ir etnografijos centras,2015-01-26,2020-01-26,26.41,15962,Senamiesčio,Kultūros veiklai,Nuoma
237,"Stiklių g. 6,8",124.13,2 aukštas,"Vilniaus rusų muzikos draugija ""Rusų klasika""",2011-02-01,2016-01-31,35.95,22508,Senamiesčio,Kultūros veiklai,Nuoma
238,Šiltadaržio g. 2,142.52,"1, 2 aukštai","Valstybinė įmonė ""Vilniaus pilių direkcija""",2012-08-01,2017-07-31,412.77,,Senamiesčio,Kultūros veiklai,Nuoma
239,Šiltadaržio g. 2,229.05,1 aukštas,Viešoji įstaiga Žaislų muziejus,2012-03-01,2017-03-01,66.34,18190,Senamiesčio,Kultūros veiklai,Nuoma
240,Šiltadaržio g. 2,145.67,2 aukštas,Vilniaus pilių valstybinio kultūrinio rezervato direkcija,2014-05-01,2017-07-31,1157.73,,Senamiesčio,Kultūros veiklai,Nuoma
241,Šiltadaržio g. 2,124.09,2 aukštas ir mansarda, viešoji įstaiga KINO PAVASARIS,2013-11-04,2018-11-04,35.94,5424,Senamiesčio,Kultūros veiklai,Nuoma
242,Šiltadaržio g. 6,2910.05,"3 a. ir 1 a. pastatai, sandėlis, pagalbinis pastatas","VšĮ ""Menų spaustuvė""",2011-01-01,2031-01-01,842.81,83111,Senamiesčio,Kultūros veiklai,Nuoma
243,Užupio g. 2,655.98,2-jų aukštų pastatas,"VšĮ ""Užupio meno inkubatorius""",2014-08-01,2029-12-31,189.98,106270,Senamiesčio,Kultūros veiklai,Nuoma
244,Vilniaus g. 39,91.45,2 aukštas,"Kultūros ir meno projektų asociacija ""G&T Promotion""",2014-01-01,2016-01-01,289.75,,Senamiesčio,Kultūros veiklai,Nuoma
245,Vytenio g. 6,2549.48,"Rūsys, 1, 2 ir 3 aukštai, antresolė","VšĮ teatras ""Vilniaus klasika""",2014-12-01,2024-12-01,739.33,128188,Naujamiesčio,Kultūros veiklai,Nuoma
246,Žalioji a. 2A,2294.44,2 aukštų pastatas,"Viešoji įstaiga ""Trakų Vokės dvaro sodyba""",2014-05-20,2019-05-20,664.52,,Panerių,Kultūros veiklai,Nuoma
247,Žalioji a. 3,520.1,"1, 2 aukštai","viešoji įstaiga ""Trakų Vokės dvaro sodyba""",2014-03-10,2024-03-10,150.63,,Panerių,Kultūros veiklai,Nuoma
248,Gerosios Viltes g. 1A,240.8,"rūsys, 1 aukštas",Lietuvos evangelikų reformatų bažnyčios-Unitas Lithuaniae-sinodas,2012-02-15,2017-02-15,69.74,11212,Vilkpėdės,Religinei veiklai,Nuoma
249,Giedraičių g. 24,82.05,1-o aukšto pastatas,"Rytų sentikių cerkvės, neturinčios dvasinės hierarchijos, Vilniaus sentikių religinė bendruomenė",2015-04-28,2020-04-28,23.79,6479,Šnipiškių,Religinei veiklai,Nuoma
250,Juozapavičiaus g. 11A,54.02,pastatas 1-o aukšto,Armėnų apaštališkosios bažnyčios Vilniaus Šv. Vardano religinė bendruomenė,2011-10-25,2021-10-25,15.65,2815,Šnipiškių,Religinei veiklai,Nuoma
251,Raugyklos g. 23-1,69.5,"1 aukštas, rūsys",Vilniaus m. Krišnos sąmonės religinė bendruomenė,2014-01-06,2019-01-05,140.9,,Senamiesčio,Religinei veiklai,Nuoma
252,Aušros Vartų g. 9,70.19,1 aukštas,"UAB ""Amber""",2011-03-01,2016-03-01,101.64,,Senamiesčio,Dailiesiems amatams,Nuoma
253,Basanavičiaus g. 1,145.65,"1 aukštas, rūsys","VšĮ ""Auksakalių gildija""",2015-08-01,2020-08-01,43.7,23351,Senamiesčio,Dailiesiems amatams,Nuoma
254,Basanavičiaus g. 16,43.02,pusrūsis,"VšĮ ""Menas sau""",2013-11-28,2017-08-01,12.46,2272,Naujamiesčio,Dailiesiems amatams,Nuoma
255,Basanavičiaus g. 29,38.58,pusrūsis,Navickas Klaidas,2012-08-01,2017-08-01,11.17,1959,Naujamiesčio,Dailiesiems amatams,Nuoma
256,Didžioji g. 20,137.43,rūsys,"UAB ""Jūratės stiliaus idėjų grupė""",2005-12-12,2015-12-12,39.8,16492,Senamiesčio,Dailiesiems amatams,Nuoma
257,Mėsinių g. 7,56.96,rūsys,"viešoji įstaiga Amatų ir meno centras ""Nauja sirena""",2013-04-01,2018-03-31,16.5,3418,Senamiesčio,Dailiesiems amatams,Nuoma
258,Mėsinių g. 9,121.62,"rūsys, 1 aukštas",VšĮ Amatų ir menų centras „Nauja sirena“,2005-12-06,2020-12-06,35.22,14376,Senamiesčio,Dailiesiems amatams,Nuoma
259,Naugarduko g. 20,59.53,pusrūsis,"Viešoji įstaiga ""Juodosios keramikos centras""",2006-12-20,2016-12-20,17.24,1950,Naujamiesčio,Dailiesiems amatams,Nuoma
260,Pilies g. 36,74.43,1 aukštas,"UAB ""Sauluva""",2007-04-16,2017-09-02,21.56,17863,Senamiesčio,Dailiesiems amatams,Nuoma
261,Savičiaus g. 8,173.03,"rūsys, 1 aukštas",Vilniaus dailiųjų amatų asociacija,2014-07-14,2019-07-14,50.11,20764,Senamiesčio,Dailiesiems amatams,Nuoma
262,Skapo g. 3-34,35.59,1 aukštas,"Viešoji įstaiga ""AMATŲ GILDIJA""",2006-07-15,2016-07-15,10.31,2541,Senamiesčio,Dailiesiems amatams,Nuoma
263,Stiklių g. 20-7,85.11,1 aukštas,"VšĮ ""Dariaus papuošalai""",2014-02-21,2019-02-21,24.65,15320,Senamiesčio,Dailiesiems amatams,Nuoma
264,"Stiklių g. 6,8",216.64,"rūsys, 1 aukštas","Viešoji įstaiga ""Vitražo manufaktūra""",2013-05-01,2018-04-30,62.74,26000,Senamiesčio,Dailiesiems amatams,Nuoma
265,Šv. Mykolo g. 12,112.74,"1 aukštas, rūsys","UAB ""Gintaro galerija""",2003-07-14,2018-07-14,32.65,20767,Senamiesčio,Dailiesiems amatams,Nuoma
266,Šv. Mykolo g. 8,20.06,1 aukštas,"UAB ""Gintaro galerija""",2015-01-01,2019-12-31,69.72,,Senamiesčio,Dailiesiems amatams,Nuoma
267,Užupio g. 26,37.1,1 aukštas,"UAB ""Vilniaus kalviai""",2002-08-01,2017-08-01,10.74,6678,Senamiesčio,Dailiesiems amatams,Nuoma
268,Užupio g. 9-20,66.25,1 aukštas,Viešoji įstaiga Vilniaus puodžių cechas,2012-10-25,2022-10-25,19.19,11925,Senamiesčio,Dailiesiems amatams,Nuoma
269,Agrastų g. 16,141.46,2 aukštas,VšĮ Centro poliklinika,2014-04-15,2024-04-15,,,Panerių,Gydymo paskirčiai,Panauda
270,Antakalnio g. 124,21153.23,"patalpos 11 pastatų, kiemo statiniai, inžineriniai tinklai",VšĮ Vilniaus miesto klinikinė ligoninė,2013-01-02,2018-01-02,,,Antakalnio,Gydymo paskirčiai,Panauda
271,Antakalnio g. 124,116.95,patalpos,Viešoji įstaiga Greitosios medicinos pagalbos stotis,2013-04-01,2017-01-31,,,Antakalnio,Gydymo paskirčiai,Panauda
272,Antakalnio g. 57,30559.56,"devyni 1 aukšto pastatai, slėptuvės pastatas, 3 aukštų pastatas, kiti statiniai, patalpos 5 aukštų pastate",VšĮ Vilniaus miesto klinikinė ligoninė,2012-05-02,2027-05-02,,,Antakalnio,Gydymo paskirčiai,Panauda
273,Antakalnio g. 59,12613.25,patalpos 2 ir 10 aukštų pastuose,VšĮ Antakalnio poliklinika,,2017-12-10,,,Antakalnio,Gydymo paskirčiai,Panauda
274,Architektų g. 17,1038.75,"rūsys, 1 ir 2 aukštai","VšĮ ""Lazdynų poliklinika""",,2017-12-10,,,Lazdynų,Gydymo paskirčiai,Panauda
275,Asanavičiūtės g. 27A,102.06,1 aukštas,Viešoji įstaiga Greitosios pagalbos medicinos stotis,2011-08-30,2016-08-31,,,Karoliniškių,Gydymo paskirčiai,Panauda
276,Asanavičiūtės g. 27A,11563,"2 pastatai ir patalpos, automobilių stovėjimo aikštelė",viešoji įstaiga Karoliniškių poliklinika,2009-12-24,2017-12-10,,,Karoliniškių,Gydymo paskirčiai,Panauda
277,Dariaus ir Girėno g. 18,30.25,1 aukštas,VšĮ Greitosios pagalbos medicinos stotis,2012-04-27,2017-04-27,,,Naujinininkų ,Gydymo paskirčiai,Panauda
278,Dariaus ir Girėno g. 18,4328.98,"patalpos 4 aukštų pastate, garažas",VšĮ Naujininkų poliklinika,2012-11-01,2017-10-31,,,Naujinininkų ,Gydymo paskirčiai,Panauda
279,Erfurto g. 15,1717.55,3 aukštų pastatas,"VšĮ ""Lazdynų poliklinika""",,,,,Lazdynų,Gydymo paskirčiai,Panauda
280,Gerosios Vilties g. 1A,1442.68,"rūsys, 1, 2 aukštas",VšĮ Centro poliklinika,2014-04-15,2024-04-15,,,Vilkpėdės,Gydymo paskirčiai,Panauda
281,"Grigiškės, Mokyklos g. 10",25.44,patalpos pastate,VšĮ Greitosios pagalbos medicinos stotis,2012-04-27,2017-04-27,,,Verkių,Gydymo paskirčiai,Panauda
282,"Grigiškės, Mokyklos g. 10",2762.02,4 pastatai,VšĮ Grigiškių pirminės sveikatos priežiūros centras,2012-07-10,2022-07-10,,,Verkių,Gydymo paskirčiai,Panauda
283,Kalinausko g. 4,2457.52,patalpos pastate,VšĮ Centro poliklinika,2014-04-15,2024-04-15,,,Senamiesčio,Gydymo paskirčiai,Panauda
284,Karaliaučiaus g. 11,616.12,2 aukštų pastatas,"Viešoji įstaiga ""Karoliniškių poliklinika""",2013-02-15,2018-02-15,,,Pilaitės,Gydymo paskirčiai,Panauda
285,Kauno g. 37,759.87,2 aukštų pastatas,VšĮ Vilniaus odos ir veneros ligų centras,2014-05-01,2019-09-02,,,Naujamiesčio,Gydymo paskirčiai,Panauda
286,Kauno g. 7,8288.99,7 pastatai ir kiti statiniai,VšĮ Mykolo Marcinkevičiaus ligoninė,,2017-12-10,,,Naujamiesčio,Gydymo paskirčiai,Panauda
287,Klinikų g. 2,7233.72,"4 aukštų pastatas, automobilių stovėjimo aikštelė",viešoji įstaiga Šv. Roko ligoninė,2012-04-15,2027-04-15,,,Antakalnio,Gydymo paskirčiai,Panauda
288,Pylimo g. 3,5580.71,patalpos pastate ir transformatorinė,VšĮ Centro poliklinika,2014-04-15,2024-04-15,,,Naujamiesčio,Gydymo paskirčiai,Panauda
289,Pylimo g. 56,2956.92,4 aukštų pastatas,VšĮ Centro poliklinika,2014-04-15,2024-04-15,,,Senamiesčio,Gydymo paskirčiai,Panauda
290,Sirokomlės g. 8,4269.25,"patalpos 4 aukštų pastate, 2 aukštų pastatas",VšĮ Naujosios Vilnios poliklinika,,2017-12-10,,,Naujosios Vilnios,Gydymo paskirčiai,Panauda
291,Sirokomlės g. 8,39.27,1 aukštas,Viešoji įstaiga Greitosios pagalbos medicinos stotis,2011-08-30,2016-08-31,,,Naujosios Vilnios,Gydymo paskirčiai,Panauda
292,Šeškinės g. 24,14020.27,patalpos,VšĮ Šeškinės poliklinika,,2017-12-10,,,Šeškinės,Gydymo paskirčiai,Panauda
293,Šeškinės g. 24,88.13,1 aukštas,VšĮ Greitosios pagalbos medicinos stotis,2012-04-27,2017-04-27,,,Šeškinės,Gydymo paskirčiai,Panauda
294,Vasaros g. 5,6257.37,20 pastatų,VšĮ Vilniaus miesto psichikos sveikatos centras,,2017-12-10,,,Antakalnio,Gydymo paskirčiai,Panauda
295,Vilkpėdės g. 3,6248.73,5 pastatai ir kiemo statiniai,VšĮ Vilkpėdės ligoninė,2014-08-14,2024-08-14,,,Vilkpėdės,Gydymo paskirčiai,Panauda
296,Vytenio g. 59,2941.49,patalpos keturių aukštų pastate,VšĮ Centro poliklinika,2014-04-15,2024-04-15,,,Naujamiesčio,Gydymo paskirčiai,Panauda
297,Vytenio g. 59,76.04,1 aukštas,VšĮ Vilniaus odos ir veneros ligų centras,2014-05-01,2019-09-02,,,Naujamiesčio,Gydymo paskirčiai,Panauda
298,Žalioji a. 3,114.65,1 aukštas,VIEŠOJI ĮSTAIGA CENTRO POLIKLINIKA,2006-02-02,2021-02-03,,,Panerių,Gydymo paskirčiai,Panauda
299,Žvirkos g. 2,83.84,1 aukštas,viešoji įstaiga Naujininkų poliklinika,2013-12-16,2018-12-16,,,Naujininkų,Gydymo paskirčiai,Panauda
300,Žvirkos g. 4A,84.33,1 aukšto pastatas,viešoji įstaiga Naujininkų poliklinika,2013-12-16,2018-12-16,,,Naujininkų,Gydymo paskirčiai,Panauda
301,Agrastų g. 16,142.69,2 aukštas,Vilniaus miesto socialinės paramos centras,2014-05-01,2019-04-30,,,Panerių,Socialinių paslaugų teikimui,Panauda
302,Antakalnio g. 17,35.21,1 aukštas,"VISUOMENINIAI PAGALBOS NAMAI ""SALVE""",2014-05-30,2019-02-15,,1245.37,Antakalnio,Socialinių paslaugų teikimui,Panauda
303,Antakalnio g. 17,129.87,1 aukštas,Biudžetinė įstaiga Vilniaus miesto socialinės paramos centras,2012-11-02,2017-11-02,,,Antakalnio,Socialinių paslaugų teikimui,Panauda
304,Asanavičiūtės g. 20,42.82,1 aukštas,Socialinės paramos centras,2011-10-26,2016-10-26,,,Karoliniškių,Socialinių paslaugų teikimui,Panauda
305,Druskio g. 5,73.1,cokolinis aukštas,"Vilniaus miesto žmonių su fizine negalia sporto klubas ""Feniksas""",2014-12-24,2019-12-24,,3350.9,Karoliniškių,Socialinių paslaugų teikimui,Panauda
306,Džiaugsmo g. 45,317.54,2 aukštų pastatas ir ūkio pastatas,Lietuvos samariečių bendrija,,neterminuota,,13486,Naujosios Vilnios,Socialinių paslaugų teikimui,Panauda
307,Erfurto g. 29,87.51,1 aukštas,Savivaldybės biudžetinė įstaiga Socialinės paramos centras,2011-12-23,2019-03-31,,,Lazdynų,Socialinių paslaugų teikimui,Panauda
308,Gėlių g. 7,483.73,"rūsys, 1 aukštas",Lietuvos žmonių su negalia sąjunga,2006-01-01,2017-01-01,,30883.34,Senamiesčio,Socialinių paslaugų teikimui,Panauda
309,Gerovės g. 1,118.95,"rūsys, 1, 2 aukštai",Savivaldybės biudžetinė įstaiga Vilniaus miesto socialinės paramos centras,2009-07-01,2019-03-31,,,Naujosios Vilnios,Socialinių paslaugų teikimui,Panauda
310,Gerovės g. 1,315.43,2 aukštas,Savivaldybės biudžetinė įstaiga Vilniaus miesto savivaldybės centrinė biblioteka,2014-07-01,2024-07-01,,,Naujosios Vilnios,Socialinių paslaugų teikimui,Panauda
311,Gerovės g. 29,211.52,2 aukštas,"Labdaros ir paramos fondas ""Ekklesia""",2010-12-22,2015-12-22,,7909.81,Naujosios Vilnios,Socialinių paslaugų teikimui,Panauda
312,"Grigiškių m., Vilniaus g. 6",45.15,"1, 2 aukštai",Vilniaus miesto socialinės paramos centras,2014-02-26,2019-02-25,,,Senamiesčio,Socialinių paslaugų teikimui,Panauda
313,Grybo g. 29,1734.99,"2 aukštų pastatas, skalbykla, kiemo statiniai (tvora, baseinas, kiemo aikštelė)",Vilniaus 3-ieji vaikų globos namai (BĮ Vilniaus Antakalnio vaikų socialinės globos namai),2011-06-15,2016-06-15,,,Antakalnio,Socialinių paslaugų teikimui,Panauda
314,Jogailos g. 12,91.54,1 aukštas,"Labdaros ir paramos fondas ""Auginame ateitį""",2013-03-11,2018-03-11,,23243.45,Senamiesčio,Socialinių paslaugų teikimui,Panauda
315,Juozapavičiaus g. 10A,115.67,3 aukštas,Vilniaus miesto socialinės paramos centras,2014-02-01,2024-02-01,,,Šnipiškių,Socialinių paslaugų teikimui,Panauda
316,Kalvarijų g. 156,13.27,2 aukštas,Savivaldybės biudžetinė įstaiga Socialinės paramos centras,2012-11-25,2017-11-25,,,Šnipiškių,Socialinių paslaugų teikimui,Panauda
317,Kauno g. 3,168.01,"4, 5 aukštai",Vilniaus miesto socialinės paramos centras,2014-06-06,2019-06-06,,,Senamiesčio,Socialinių paslaugų teikimui,Panauda
318,Kauno g. 3,1105.75,"rūsys, 1, 2, 4, 5 aukštai",Socialinės paramos centras,2010-12-01,2015-12-01,,,Senamiesčio,Socialinių paslaugų teikimui,Panauda
319,Kauno g. 4,89.42,1 aukštas,Vilniaus krašto žmonių su negalia sąjunga,2006-08-01,2016-08-01,,14481,Senamiesčio,Socialinių paslaugų teikimui,Panauda
320,Kojelavičiaus g. 127,1341.95,"2 aukštų pastatas, 1 aukšto pastatas, nuotekų šalinimo tinklai ir kiti inžineriniai statiniai",Valakampių socialinių paslaugų namai,2015-03-23,2020-07-01,,,Naujosios Vilnios,Socialinių paslaugų teikimui,Panauda
321,Kojelavičiaus g. 129,655.59,"2 aukštų pastatas, pastatas-garažas, kiti statiniai, vendentiekio ir nuotekų linijos",Biudžetinė įstaiga Vilniaus miesto krizių centras,2014-05-26,2020-07-01,,,Naujosios Vilnios,Socialinių paslaugų teikimui,Panauda
322,Kojelavičiaus g. 172,961.51,3 aukštų pastatas,Vilniaus m. savivaldybės Socialinės paramos centras,2014-08-01,2020-07-01,,,Naujosios Vilnios,Socialinių paslaugų teikimui,Panauda
323,Kojelavičiaus g. 50,636.25,"pastatas 2-jų aukštų, sandėlis, garažas",Vilniaus miesto nakvynės namai,1997-12-20,laikinai,,,Naujosios Vilnios,Socialinių paslaugų teikimui,Panauda
324,Lakštingalų g. 7,3204.77,"2-jų aukštų, du 1-o aukšto pastatai (57 kv. m), kiemo statiniai",Savivaldybės biudžetinė įstaiga VILNIAUS MIESTO VAIKŲ IR JAUNIMO PENSIONAS,2008-07-23,2023-07-23,,,Antakalnio,Socialinių paslaugų teikimui,Panauda
325,Lakštingalų g. 8,3188.41,2 aukštų pastatas,"specialiojo ugdymo centras ""Aidas""",,,,,Antakalnio,Socialinių paslaugų teikimui,Panauda
326,Lakštingalų g. 9,3195.18,"du 2 aukštų pastatai, kiemo statiniai (kiemo aikštelė, baseinas, tvora)","Vilniaus vaikų globos namai ""Gilė""",2011-06-15,2016-06-15,,,Antakalnio,Socialinių paslaugų teikimui,Panauda
327,Minties g. 1,1496.21,"2 aukštų pastatas, sandėlis, 2 ūkio pastatai, 2 pavėsinės, garažas, kiemo statiniai (tvira, aikštelė, baseinas)",Vilniaus 2-ieji vaikų globos namai (BĮ Vilniaus Minties vaikų socialinės globos namai),2011-06-15,2016-06-15,,,Žirmūnų,Socialinių paslaugų teikimui,Panauda
328,Odminių g. 3,48.24,2 aukštas,Vilniaus miesto socialinės paramos centras,2015-02-03,2020-02-03,,,Senamiesčio,Socialinių paslaugų teikimui,Panauda
329,Paberžės g. 6A,222.56,pastatas 1-o aukšto,"Socialinės rūpybos, globos ir pašalpų centras",1997-04-15,laikinai,,,Šeškinės,Socialinių paslaugų teikimui,Panauda
330,Pilies g. 42-17,38.39,1 aukštas,"VšĮ mokymo centras ""Mes esame""",2007-10-02,2017-10-03,,,Senamiesčio,Socialinių paslaugų teikimui,Panauda
331,Polocko g. 12,370.11,"rūsys, 1 aukštas, 795/1000 neįrengtos pastogės",Vilniaus miesto savivaldybės visuomenės sveikatos biuras,2010-11-18,2020-11-18,,,Senamiesčio,Socialinių paslaugų teikimui,Panauda
332,Pramonės g. 141,1239.28,pastatas 2-jų aukštų,"VšĮ Mokymo centras ""Mes esame""",1997-09-10,laikinai,,,Naujosios Vilnios,Socialinių paslaugų teikimui,Panauda
333,Rygos g. 15,54.9,1 aukštas, Savivaldybės biudžetinė įstaiga Socialinės paramos centras,2011-11-14,2016-11-14,,,Justiniškių,Socialinių paslaugų teikimui,Panauda
334,Rukeliškių g. 44,452.76,"rūsys, 1 ir 2 aukštai",biudžetinė įstaiga Valakampių socialinių paslaugų namai,2013-11-25,2033-11-25,,,Antakalnio,Socialinių paslaugų teikimui,Panauda
335,Sausio 13-osios g. 13,72.1,cokolinis aukštas,"Labdaros ir paramos fondas ""Levictus""",2011-01-10,2016-01-10,,6384.67,Karoliniškių,Socialinių paslaugų teikimui,Panauda
336,Skroblų g. 29,413.78,rūsys,Lietuvos aklųjų biblioteka,2007-06-27,2022-06-27,,14682.58,Vilkpėdės,Socialinių paslaugų teikimui,Panauda
337,Stanevičiaus g. 24,29.59,2 aukštas,BĮ Socialinės paramos centras,2010-10-16,2015-10-16,,,Fabijoniškių,Socialinių paslaugų teikimui,Panauda
338,Subačiaus g. 115,1000.83,pastatas,Vilniaus sutr. int. žmonių globos bendrija,1997-11-01,2017-11-01,,62557.92,Rasų,Socialinių paslaugų teikimui,Panauda
339,Šilo g. 15,637.18,"2 aukštų pastatas, kiemo statiniai",Šilo specialioji mokykla,2014-06-01,2024-06-01,,,Antakalnio,Socialinių paslaugų teikimui,Panauda
340,Vasaros g. 5,937.35,3 aukštų pastatas,"viešoji įstaiga ""Rastis""",2011-06-01,2016-06-01,,16288.52,Antakalnio,Socialinių paslaugų teikimui,Panauda
341,Vilkpėdės g. 12,1789.1,1-4 aukštai,Vilniaus miesto nakvynės namai,2014-04-01,2024-04-01,,,Vilkpėdės,Socialinių paslaugų teikimui,Panauda
342,Vilniaus g. 39,54.32,2 aukštas,"visuomeninė organizacija ""Gelbėkit vaikus""",2012-11-01,2017-11-01,,6273.46,Senamiesčio,Socialinių paslaugų teikimui,Panauda
343,Viršuliškių g. 34,92.59,2 aukštas,Asociacija Lietuvos sutrikusios psichikos žmonių globos bendrija,2012-10-22,2017-10-22,,1931.77,Viršuliškių,Socialinių paslaugų teikimui,Panauda
344,Viršuliškių g. 53-61,48.93,cokolinis aukštas,Savivaldybės biudžetinė įstaiga Socialinės paramos centras,2012-11-25,2017-11-25,,,Viršuliškių,Socialinių paslaugų teikimui,Panauda
345,Vydūno g. 15,262.2,"1, 2 aukštai",Biudžetinė įstaiga Žolyno vaikų socialinės globos namai,2013-11-08,2018-11-08,,,Pilaitės,Socialinių paslaugų teikimui,Panauda
346,Vydūno g. 15,35.73,1 aukštas,Socialinės paramos centras,2014-10-01,2019-09-30,,,Pilaitės,Socialinių paslaugų teikimui,Panauda
347,Vydūno g. 20-42,44.95,1 aukštas,Socialinės paramos centras,2013-02-03,2018-02-02,,,Pilaitės,Socialinių paslaugų teikimui,Panauda
348,Vytenio g. 37,131.05,1 aukštas,"Lietuvos sutrikusio intelekto žmonių globos bendrija ""Viltis"" Vilniaus padalinys",1998-07-16,2018-07-16,,28101.54,Naujamiesčio,Socialinių paslaugų teikimui,Panauda
349,Vytenio g. 45,1143.19,3 aukštų pastatas,Vilniaus m. motinos ir vaiko pensionas,1996-11-15,2017-01-01,,,Naujamiesčio,Socialinių paslaugų teikimui,Panauda
350,Žaliųjų Ežerų g. 85,790.15,2 aukštų pastatas,asociacija Dingusių žmonių šeimų paramos centras,2013-02-01,2023-02-01,,28445.4,Verkių,Socialinių paslaugų teikimui,Panauda
351,Žemynos g. 1,26.23,1 aukštas,BĮ Socialinės paramos centras,2010-10-16,2015-10-16,,,Pašilaičių,Socialinių paslaugų teikimui,Panauda
352,Žirmūnų g. 106,67.95,1 aukštas,Lietuvos Raudonojo Kryžiaus draugija,2010-12-21,2015-12-21,,3542.34,Žirmūnų,Socialinių paslaugų teikimui,Panauda
353,Žirmūnų g. 143,124.82,1 aukštas,Vilniaus miesto socialinės paramos centras,2015-03-07,2020-03-07,,,Žirmūnų,Socialinių paslaugų teikimui,Panauda
354,Žolyno g. 45A,1182.02,"2 aukštų pastatas, 2 ūkiniai pastatai, skalbykla, 2 garažai, 4 pavėsinės, kiemo statiniai (tvora, aikštelė)",Vilniaus 1-ieji vaikų globos namai (BĮ Vilniaus Žolyno vaikų socialinės globos namai),2011-06-15,2016-06-15,,,Antakalnio,Socialinių paslaugų teikimui,Panauda
355,Žolyno g. 45A,466,patalpos,"Vilniaus specialusis lopšelis-darželis ""Žolynėlis""",2014-09-22,2024-09-22,,,Antakalnio,Socialinių paslaugų teikimui,Panauda
356,Žolyno g. 47,3419.06,"du 2 aukštų pastatai, 1 aukšto pastatas, sandėlis, 5 pavėsinės, kiemo statiniai (kiemo aikštelė, tvora, fontanas)",Vilniaus sutrikusio vystymosi kūdikių namai,2011-06-15,2016-06-15,,,Antakalnio,Socialinių paslaugų teikimui,Panauda
357,Algirdo g. 11,98.3,1 aukštas,Lietuvos sodininkų draugija,2012-02-11,2017-02-11,,11005.56,Naujamiesčio,Administracinei paskirčiai,Panauda
358,Algirdo g. 31,21.32,2 aukštas,"Pasaulinės gydytojų federacijos ""Už žmogaus gyvybę"" Lietuvos asociacija",2013-01-15,2018-01-15,,1013.67,Naujamiesčio,Administracinei paskirčiai,Panauda
359,Ankštoji g. 3,250.85,1 aukštas,Darbo partija,2013-09-26,2018-09-25,,43590.71,Naujamiesčio,Administracinei paskirčiai,Panauda
360,Birželio 23-iosios g. 5,105.81,rūsys,BĮ Lietuvos teismo ekspertizės centras,2015-05-01,2020-05-01,,3644.11,Naujamiesčio,Administracinei paskirčiai,Panauda
361,Dariaus ir Girėno g. 11,297.34,1 aukštas,Vilniaus apskrities vyriausiasis policijos komisariatas,2012-11-26,2017-11-26,,1585.67,Naujininkų,Administracinei paskirčiai,Panauda
362,Dariaus ir Girėno g. 11,60.16,rūsys,asociacija Lietuvos sakaliukų sąjunga,2013-02-01,2016-02-01,,112.37,Naujininkų,Administracinei paskirčiai,Panauda
363,Gėlių g. 7,30.62,1 aukštas,Lietuvos nacizmo aukų asociacija,2007-12-21,2015-12-22,,2896.2,Senamiesčio,Administracinei paskirčiai,Panauda
364,Gėlių g. 7,67,rūsys,Viešoji įstaiga Vyrų krizių ir informacijos centras,2007-05-07,2017-05-08,,2217.91,Senamiesčio,Administracinei paskirčiai,Panauda
365,Gerovės g. 29,22.11,2 aukštas,Vilniaus m. vyriausiasis policijos komisariatas,2007-07-29,2015-07-30,,826.58,Naujosios Vilnios,Administracinei paskirčiai,Panauda
366,"Grigiškių m., Vilniaus g. 6",71.51,1 aukštas,Vilniaus teritorinė darbo birža,2010-11-24,2015-11-24,,4042,Senamiesčio,Administracinei paskirčiai,Panauda
367,Juozapavičiaus g. 10A-3,94.81,1 aukštas," VšĮ ""Sveikas miestas""",2011-12-23,2016-12-23,,,Šnipiškių,Administracinei paskirčiai,Panauda
368,Juozapavičiaus g. 10A-3,38.06,1 aukštas,Lietuvos žaliųjų partija,2015-04-07,2020-04-07,,2680,Šnipiškių,Administracinei paskirčiai,Panauda
369,Kalinausko g. 21,433.98,1 aukštas,Lietuvos valstybės istorijos archyvas,2014-12-01,2019-12-01,,54889.79,Naujamiesčio,Administracinei paskirčiai,Panauda
370,Kalinausko g. 9,86.09,2 aukštas,Visuomeninė organizacija Vilniaus keliautojų klubas,2008-03-10,2016-03-11,,5972.4,Naujamiesčio,Administracinei paskirčiai,Panauda
371,Kaštonų g. 3-8,32.12,pusrūsis,Politinė partija Lietuvos centro partija,2009-11-23,2014-11-23,,1982.45,Naujamiesčio,Administracinei paskirčiai,Panauda
372,Kaštonų g. 4,155.65,1 aukštas,asociacija Lietuvos aeroklubas,2012-08-01,2017-08-01,,21594,Naujamiesčio,Administracinei paskirčiai,Panauda
373,Kaštonų g. 4,58.98,2 aukštas,"asociacija Lietuvos pensininkų sąjunga ""Bočiai""",2012-10-30,2017-10-30,,6547,Naujamiesčio,Administracinei paskirčiai,Panauda
374,Kaštonų g. 4,122.7,3 aukštas,politinė partija Tėvynės sąjunga-Lietuvos krikščionys demokratai,2013-07-22,2018-07-22,,11919,Naujamiesčio,Administracinei paskirčiai,Panauda
375,Kaštonų g. 4,55.5,1 aukštas,"VšĮ ""Savivaldybių žinios""",2005-09-28,2015-09-28,,7700,Naujamiesčio,Administracinei paskirčiai,Panauda
376,Pamėnkalnio g. 23,23.35,pusrūsis,Lietuvos politinių kalinių ir tremtinių sąjunga,2014-05-11,2019-05-10,,1370.77,Naujamiesčio,Administracinei paskirčiai,Panauda
377,Pamėnkalnio g. 26,18,1 aukštas,Visuomeninė organizacija Lietuvos šaškių federacija,2012-08-10,2017-08-10,,2926.32,Naujamiesčio,Administracinei paskirčiai,Panauda
378,Pylimo g. 38,64.6,3 aukštas,Lietuvos politinių kalinių sąjunga,2000-01-02,neterminuota,,8581.46,Senamiesčio,Administracinei paskirčiai,Panauda
379,Pylimo g. 45,197.91,2 aukštas,Lietuvos lenkų sąjungos Vilniaus skyrius,2000-03-16,neterminuota,,7564.6,Senamiesčio,Administracinei paskirčiai,Panauda
380,Smetonos g. 8,105.07,1 aukštas,"Visuomeninė organizacija ""Lietuvos skautija""",2000-02-12,neterminuota,,8236.5,Naujamiesčio,Administracinei paskirčiai,Panauda
381,Stiklių g. 4,280.75,"1, 2 aukštai",VIEŠOJI ĮSTAIGA VILNIAUS SENAMIESČIO ATNAUJINIMO AGENTŪRA,2011-12-22,2021-12-31,,,Senamiesčio,Administracinei paskirčiai,Panauda
382,Subačiaus g. 49,61.73,1 aukštas,Vilniaus m. vyriausiasis policijos komisariatas,2000-01-06,neterminuota,,3886.7,Senamiesčio,Administracinei paskirčiai,Panauda
383,Šiltadaržio g. 2,111.55,2 aukštas,"viešoji įstaiga ""Vilniaus miesto parkai""",2014-05-01,2019-04-30,,,Senamiesčio,Administracinei paskirčiai,Panauda
384,Vasario 16-osios g. 8,14.46,1 aukštas,asociacija Lietuvos kino mėgėjų sąjunga,2012-12-28,2017-12-28,,4316.79,Naujamiesčio,Administracinei paskirčiai,Panauda
385,Vašingtono a. 1-67,210.93,"rūsys, 1 aukštas, antresolė",Politinė partija Lietuvos Respublikos liberalų sąjūdis,2007-07-09,2022-07-09,,26940.45,Naujamiesčio,Administracinei paskirčiai,Panauda
386,Vilniaus g. 20,242.59,"1,2 aukštas",Liberalų ir centro sąjunga,2006-02-15,2016-02-16,,49284.58,Senamiesčio,Administracinei paskirčiai,Panauda
387,Vilniaus g. 22,991.9,"rūsys, 1, 2 aukštas","Asociacija Lietuvos ""Žinijos"" draugija",2007-12-02,2017-12-02,,72964.16,Senamiesčio,Administracinei paskirčiai,Panauda
388,Vilniaus g. 22,45.22,2 aukštas,Lietuvos socialdemokratų sąjunga,2010-02-14,2013-02-14,,3556.53,Senamiesčio,Administracinei paskirčiai,Panauda
389,Vilniaus g. 37,309.74,"1 aukštas, garažai",Vilniaus apskrities vyriausiasis policijos komisariatas,2010-10-11,2015-10-11,,42111.91,Senamiesčio,Administracinei paskirčiai,Panauda
390,Vilniaus g. 39,1159.14,"rūsys, pirmas, antras, trečias ir ketvirtas aukštai","BĮ ""Biudžetinė įstaigų buhalterinė apskaita""",2009-08-10,2014-08-10,,,Senamiesčio,Administracinei paskirčiai,Panauda
391,Vitebsko g. 23,97.1,pirmas aukštas,biudžetinė įstaiga Policijos departamentas prie LR vidaus reikalų ministerijos,2012-11-15,2022-11-15,,5826,Senamiesčio,Administracinei paskirčiai,Panauda
392,Vivulskio g. 12,60.15,pusrūsis,LIETUVOS JAUNŲJŲ KRIKŠČIONIŲ SĄJUNGA,2007-04-11,2017-04-11,,2959.38,Naujamiesčio,Administracinei paskirčiai,Panauda
393,Vrublevskio g. 4,121.13,1 aukštas,Asociacija Lietuvos žmogaus teisių lyga,2011-08-11,2021-08-11,,14735,Senamiesčio,Administracinei paskirčiai,Panauda
394,Vrublevskio g. 6,143.41,1 aukštas,Partija Tvarka ir teisingumas,2009-07-15,2019-07-14,,21132,Senamiesčio,Administracinei paskirčiai,Panauda
395,Vrublevskio g. 6,105.4,1 aukštas,Lietuvos parolimpinis komitetas,1998-07-01,2018-07-01,,15531,Senamiesčio,Administracinei paskirčiai,Panauda
396,Žalioji a. 3,22.55,2 aukštas,"Viešoji įstaiga ""Vilniaus miesto parkai""",2012-08-01,2017-07-31,,,Panerių,Administracinei paskirčiai,Panauda
397,Kalinausko g. 21A,41.45,1 aukšto koplyčia,"viešoji įstaiga ""Vilniaus miesto parkai""",2015-03-04,2020-03-04,,,Naujamiesčio,Sandėliavimui ir kt. pramoninei paskirčiai,Panauda
398,Algirdo g. 23,2067.11,4 aukštų pastatas,Vilniaus Algirdo muzikos mokykla,,,,,Naujamiesčio,Ugdymo veiklai,Panauda
399,Ankštoji g. 11,1609.69,"2 aukštų pastatas, kiemo statiniai (tvora, kiemo aikštelė, baseinas, 4 pavėsinės)","darželis-mokykla ""Dainorėliai""",2014-04-07,2024-04-07,,,Naujamiesčio,Ugdymo veiklai,Panauda
400,Antakalnio g. 108,861.81,"patalpos su rūsiu, kiemo statiniai","lopšelis-darželis ""Kaštonas""",2014-06-01,2024-06-01,,,Antakalnio,Ugdymo veiklai,Panauda
401,Antakalnio g. 84A,222.64,1-o aukšto pastatas,Vilniaus Antakalnio atviras jaunimo centras,2012-06-04,2017-06-04,,,Antakalnio,Ugdymo veiklai,Panauda
402,Architektų g. 108,2660.32,"du 2 aukštų pastatai, 11 stoginių, kiemo statiniai","lopšelis-darželis ""Žemuogėlė""",,,,,Lazdynų,Ugdymo veiklai,Panauda
403,Architektų g. 16,1739.18,"trys 2 aukštų pastatai, kiemo statiniai (baseinas, tvora, kiemo aikštelė, smėlio dėžės)","lopšelis-darželis ""Spygliukas""",,,,,Lazdynų,Ugdymo veiklai,Panauda
404,Architektų g. 162,2667.77,"du 2 aukštų pastatai, 12 stoginių, kiemo statiniai","lopšelis-darželis ""Rytas""",,,,,Lazdynų,Ugdymo veiklai,Panauda
405,Architektų g. 210,2494.35,"2 aukštų pastatas, 7 stoginės, kiemo statiniai (kiemo aikštelė, tvora, baseinas)","""Svajos"" darželis-mokykla",2014-04-07,2024-04-07,,,Lazdynų,Ugdymo veiklai,Panauda
406,Architektų g. 224,71.77,cokolinis aukštas,"Vilniaus vaikų ir jaunimo klubas ""Lakštingala""",2015-05-28,2020-05-28,,,Lazdynų,Ugdymo veiklai,Panauda
407,Architektų g. 44,1949.76,"2 aukštų pastatas, 12 namukų, 12 stoginių, kiemo statiniai (tvora, kiemo aikštelė, smėlio duobės)","lopšelis-darželis ""Pakalnutė""",,,,,Lazdynų,Ugdymo veiklai,Panauda
408,Architektų g. 62,2850.92,"2 aukštų pastatas, 6 stoginės, kiemo statiniai (tvora, kiemo aikštelė, baseinas, smėlio dėžė)","lopšelis-darželis ""Žibutė""",,,,,Lazdynų,Ugdymo veiklai,Panauda
409,Architektų g. 70,64.31,cokolinis aukštas,"Savivaldybės biudžetinė įstaiga Vilniaus vaikų ir jaunimo klubas ""Klevas""",2011-06-13,2016-06-12,,,Lazdynų,Ugdymo veiklai,Panauda
410,Architektų g. 86,71.61,cokolinis aukštas,"Vilniaus vaikų ir jaunimo klubas ""Klevas""",2015-05-28,2020-05-28,,,Lazdynų,Ugdymo veiklai,Panauda
411,Asanavičiūtės g. 2,2421.05,du 2 aukštų pastatai,Karoliniškių muzikos mokykla,,,,,Karoliniškių,Ugdymo veiklai,Panauda
412,Asanavičiūtės g. 20,168.16,1 aukštas,"Vaikų ir jaunimo klubas ""Žvaigždutė""",2014-03-10,2019-03-09,,,Karoliniškių,Ugdymo veiklai,Panauda
413,Asanavičiūtės g. 48,71.57,cokolinis aukštas,Vilniaus miesto sporto centras,2015-01-01,2025-01-01,,,Karoliniškių,Ugdymo veiklai,Panauda
414,Asanavičiūtės g. 7,3607.91,"2 aukštų pastatas, 3 pavėsinės, kiemo statiniai","Vilniaus lopšelis-darželis ""Prie pasakų parko""",,,,,Karoliniškių,Ugdymo veiklai,Panauda
415,Ašmenos g. 8,219.86,mansarda,"Viešoji įstaiga ""Vilniaus festivaliai""",2014-02-03,2019-02-03,,,Senamiesčio,Ugdymo veiklai,Panauda
416,Birutės g. 4,766.02,"2 aukštų pastatas, ūkio pastatas, katilinė, kiemo statiniai (tvora)",Vilniaus Birutės darželis,2013-09-01,2023-09-01,,,Žvėryno,Ugdymo veiklai,Panauda
417,Birželio 23-iosios g. 6,834.84,"2 aukštų pastatas, ūkio pastatas, 4 stoginės, 3 namukai, kiemo statiniai (kiemo aikštelė, tvora)","Lopšelis-darželis ""Kurpaitė""",2014-06-01,2024-06-01,,,Naujamiesčio,Ugdymo veiklai,Panauda
418,Bistryčios g. 3,2709.23,"2 aukštų pastatas, kiemo statiniai (kiemo aikštelė, tvora, baseinas)","lopšelis-darželis ""Pušaitė""",,,,,Antakalnio,Ugdymo veiklai,Panauda
419,Brolių g. 18,1891.4,"2 aukštų pastatas, kiemo statiniai","lopšelis-darželis ""Pabiručiai""",,,,,Naujininkų,Ugdymo veiklai,Panauda
420,Buivydiškių g. 10,513.47,2 aukštas,"Asociacija Vilniaus sportinių šokių klubas ""Ratuto""",2012-06-01,2017-06-01,,11874.42,Šeškinės,Ugdymo veiklai,Panauda
421,Čiobiškio g. 17,2484.4,2 aukštų pastatas,"lopšelis-darželis ""Papartis""",,,,,Šeškinės,Ugdymo veiklai,Panauda
422,Dariaus ir Girėno g. 16,828.36,2 aukštų pastatas,Broniaus Jonušo muzikos mokykla,,,,,Naujininkų,Ugdymo veiklai,Panauda
423,Darželio g. 7,1457.76,"2 aukštų pastatas, 7 stoginės, ūkio pastatas, kiemo statiniai (kiemo aikštelė)","lopšelis-darželis ""Paslaptis""",,,,,Naujosios Vilnios,Ugdymo veiklai,Panauda
424,Didlaukio g. 35,2471.23,2 aukštų pastatas,"lopšelis-darželis ""Gintarėlis""",2014-06-01,2024-06-01,,,Verkių,Ugdymo veiklai,Panauda
425,Didlaukio g. 66,2027.41,2 aukštų pastatas,"lopšelis-darželis ""Šermukšnėlė""",,,,,Verkių,Ugdymo veiklai,Panauda
426,Donelaičio g. 12,1232.84,"2 aukštų pastatas, 6 stoginės, 3 namukai, ūkio pastatas, kiemo statiniai (kiemo aikštelė, baseinas, tvora)","Vilniaus lopšelis-darželis ""Drevinukas""",2014-06-16,2024-06-01,,,Naujamiesčio,Ugdymo veiklai,Panauda
427,Dūkštų g. 14,2488.25,2-jų aukštų pastatas,"lopšelis-darželis ""Sveikuolis""",,,,,Šeškinės,Ugdymo veiklai,Panauda
428,Dzūkų g. 29,1162.28,"2 aukštų pastatas, 7 pavėsinės, kiemo statiniai","lopšelis-darželis ""Lašelis""",,,,,Naujininkų,Ugdymo veiklai,Panauda
429,Dzūkų g. 32,1664.88,"2 aukštų pastatas, 6 pavėsinės, kiemo statiniai (kiemo aikštelė, baseinas, 6 smėlio dėžės)","Vilniaus lopšelis-darželis ""Gervelė""",2014-06-01,2024-06-01,,,Naujininkų,Ugdymo veiklai,Panauda
430,Eduardo Andrė g. 6,649.32,2 aukštų pastatas,Vilniaus Trakų Vokės vaikų darželis,2013-09-01,2023-09-01,,,Panerių,Ugdymo veiklai,Panauda
431,Erfurto g. 21,2638,"du 2 aukštų pastatai, 7 stoginės, 4 namukai, kiemo statiniai","lopšelis-darželis ""Riešutėlis""",,,,,Lazdynų,Ugdymo veiklai,Panauda
432,Erfurto g. 42,1713.22,"du 1 aukšto pastatai, 2 aukštų pastatas, 12 pavėsinių, kiemo statiniai (kiemo aikštelė, tvora)","lopšelis-darželis ""Giraitė""",2014-06-01,2024-06-01,,,Lazdynų,Ugdymo veiklai,Panauda
433,Fabijoniškių g. 7,2220.36,2 aukštų pastatas,"lopšelis-darželis ""Gandriukas""",2014-06-01,2024-06-01,,,Fabijoniškių,Ugdymo veiklai,Panauda
434,Filaretų g. 19,1800.57,"2 aukštų pastatas, kiemo statiniai (kiemo aikštelė, tvora, 10 stoginių, (nuo 2I1/p iki 11I1/p))","lopšelis-darželis ""Užupiukas""",,,,,Senamiesčio,Ugdymo veiklai,Panauda
435,Gabijos g. 1,2186.3,2 aukštų pastatas,"lopšelis-darželis ""Gabijėlė""",2014-06-01,2024-06-01,,,Pašilaičių,Ugdymo veiklai,Panauda
436,Gabijos g. 21,2244.12,2 aukštų pastatas,"lopšelis-darželis ""Vėjelis""",,,,,Pašilaičių,Ugdymo veiklai,Panauda
437,Gedimino pr. 15A,559.77,3 aukštų pastatas,"""Ąžuoliuko"" muzikos mokykla",,,,,Naujamiesčio,Ugdymo veiklai,Panauda
438,Gedvydžių g. 25A,3419.79,2 aukštų pastatas,"Vilniaus lopšelis-darželis ""Karusėlė""",2013-03-01,2023-03-01,,,Fabijoniškių,Ugdymo veiklai,Panauda
439,Gelvonų g. 1,2471.7,du 2 aukštų pastatai,"lopšelis-darželis ""Gelvonėlis""",2014-06-01,2024-06-01,,,Šeškinės,Ugdymo veiklai,Panauda
440,Gelvonų g. 24,1730.59,du 2 aukštų pastatai,"lopšelis-darželis ""Ozas""",,,,,Šeškinės,Ugdymo veiklai,Panauda
441,Gerosios Vilties g. 15,1598.26,"du 2 aukštų pastatai, 12 stoginių, kiemo statiniai (tvora, smėlio dėžė - 5 vnt.)",Vilkpėdės darželis-mokykla,2014-04-07,2024-04-07,,,Vilkpėdės,Ugdymo veiklai,Panauda
442,Gerosios Vilties g. 7A,2080.46,"du 2 aukštų pastatai, 8 stoginės, 4 namukai, išvietė, kiemo statiniai","lopšelis-darželis ""Viltenė""",,,,,Vilkpėdės,Ugdymo veiklai,Panauda
443,Goštauto g. 4,329.13,patalpos,Vilniaus Neries vaikų darželis,2013-09-01,2023-09-01,,,Naujamiesčio,Ugdymo veiklai,Panauda
444,"Grigiškės, Kovo 11-osios g. 54",2285.54,2 aukštų pastatas,"lopšelis-darželis ""Lokiuko giraitė""",,,,,Grigiškių,Ugdymo veiklai,Panauda
445,"Grigiškės, Lentvario g. 1A",1834.7,"du 2 aukštų pastatai, 8 stoginės","Vilniaus savivaldybės Grigiškių darželis-mokykla ""Pelėdžiukas""",2014-04-07,2024-04-07,,,Panerių,Ugdymo veiklai,Panauda
446,Grigiškių m. Kovo 11-osios g. 28,101.87,1 aukštas,"VšĮ ""Grijos vaikai""",2014-04-01,2021-12-06,,6801.15,Grigiškių,Ugdymo veiklai,Panauda
447,Grybo g. 7,1931.96,visas pastatas,Vilniaus privati gimnazija (T. Liubertienės privati mokykla),2008-02-05,2018-02-05,,69550.56,Grigiškių,Ugdymo veiklai,Panauda
448,Jasinskio g. 17,327.78,patalpos,"lopšelis-darželis ""Salvija""",,,,,Naujamiesčio,Ugdymo veiklai,Panauda
449,Jovaro g. 6,809.31,"2 aukštų pastatas, 4 ūkio pastatai, 2 stoginės, 5 metaliniai namukai, kiemo statiniai",Montessori metodo centro darželis-mokykla,2008-04-02,2018-04-02,,29135.16,Naujamiesčio,Ugdymo veiklai,Panauda
450,Juodšilių g. 10,418.27,patalpos,Vilniaus Panerių vaikų darželis,2013-09-01,2023-09-01,,,Panerių,Ugdymo veiklai,Panauda
451,Jūratės g. 4A,1892.27,du 2 aukštų pastatai,"lopšelis-darželis ""Voveraitė""",,,,,Antakalnio,Ugdymo veiklai,Panauda
452,Justiniškių g. 45,2462.83,"2 aukštų pastatas, 3 stoginės, kiemo statiniai (aikštelė, baseinas)","lopšelis-darželis ""Zylutė""",,,,,Viršuliškių,Ugdymo veiklai,Panauda
453,Justiniškių g. 47,2503.15,"2 aukštų pastatas, kiemo statiniai (9 stoginės, kiemo aikštelė, baseinas, tvora, smėlio dėžės)","lopšelis-darželis ""Jurginėlis""",2014-06-01,2024-06-01,,,Viršuliškių,Ugdymo veiklai,Panauda
454,Justiniškių g. 62A,257.35,2 aukštas,Vilniaus Justiniškių vaikų ir jaunimo klubas,2008-08-13,2018-08-14,,,Justiniškių,Ugdymo veiklai,Panauda
455,Justiniškių g. 65,2989.97,"2-jų aukštų pastatas, 6 stoginės, kiemo statiniai","Vilniaus lopšelis-darželis ""Gluosnis""",2015-04-27,2025-04-27,,,Viršuliškių,Ugdymo veiklai,Panauda
456,Kalvarijų g. 156,517.96,"rūsys, 1 aukštas","Vilniaus vaikų ir jaunimo klubas ""Šatrija""",2013-03-10,2018-03-10,,,Šnipiškių,Ugdymo veiklai,Panauda
457,"Kalviškių, Salininkai g. 1",624,pastatas,Salininkų lopšelis-darželis,,,,,Naujininkų,Ugdymo veiklai,Panauda
458,Kapsų g. 7,1771.17,2 aukštų pastatas,"lopšelis-darželis ""Liepsnelė""",,,,,Naujininkų,Ugdymo veiklai,Panauda
459,Kaštonų g. 2-53,301.05,1 aukštas,"Vilniaus sporto mokykla ""Tauras""",2014-08-11,2024-08-10,,,Naujamiesčio,Ugdymo veiklai,Panauda
460,Kauno g. 43,1413.95,1-3 aukštai,Vilniaus miesto sporto centras,2015-01-01,2025-01-01,,,Naujamiesčio,Ugdymo veiklai,Panauda
461,Kavoliuko g. 12,2741.32,"2 aukštų pastatas, 12 pavėsinių, kiemo statiniai (tvora, kiemo aikštelė, baseinas, 12 smėlio dėžių)","lopšelis-darželis ""Raktelis""",,,,,Karoliniškių,Ugdymo veiklai,Panauda
462,Keramikų g. 34,1241.95,"2 aukštų pastatas, 7 pavėsinės, kiemo statiniai","lopšelis-darželis ""Molinukas""",,,,,Antakalnio,Ugdymo veiklai,Panauda
463,Klinikų g. 5,846.82,2 aukštų pastatas,"lopšelis-darželis ""Spindulėlis""",,,,,Antakalnio,Ugdymo veiklai,Panauda
464,Kolaso g. 15,2532.31,"2 aukštų pastatas, 11 pavėsinių, kiemo statiniai","lopšelis-darželis ""Žiogelis""",,,,,Naujosios Vilnios,Ugdymo veiklai,Panauda
465,Konarskio g. 37,3185.05,"2 aukštų pastatas, du ūkio pastatai, kiemo statiniai",J.Vienožinskio dailės mokykla,,,,,Naujamiesčio,Ugdymo veiklai,Panauda
466,Konduktorių g. 4,132.64,"rūsys, pusrūsis",Vilniaus Naujininkų vaikų ir jaunimo klubas,2014-03-10,2019-03-09,,,Naujininkų,Ugdymo veiklai,Panauda
467,Kosciuškos g. 13,5683.01,"4 aukštų pastatas, kiemo statiniai (kiemo aikštelė)",Balio Dvariono dešimtmetė muzikos mokykla,,,,,Senamiesčio,Ugdymo veiklai,Panauda
468,Kovo 11-osios g. 54,2305.27,"2 aukštų pastatas, 12 stoginių","Vilniaus savivaldybės Grigiškių lopšelis-darželis ""Lokiuko giraitė""",2014-06-01,2024-06-01,,,Grigiškių,Ugdymo veiklai,Panauda
469,Krokuvos g. 6A,1761.28,"2 aukštų pastatas, kiemo statiniai (tvora, kiemo aikštelė, stoginės)","lopšelis-darželis ""Pipiras""",,,,,Šnipiškių,Ugdymo veiklai,Panauda
470,Kupalos g. 8,384.77,du 1 aukšto pastatai,Vilniaus Naujosios Vilnios moksleivių kūrybos namai,,,,,Naujosios Vilnios,Ugdymo veiklai,Panauda
471,Laisvės pr. 57,2462.65,"patalpos 2 aukštų pastate, kiemo aikštelė, baseinas, tvora, 3 stoginės","lopšelis-darželis ""Aušrinė""",2014-06-01,2024-06-01,,,Šeškinės,Ugdymo veiklai,Panauda
472,Laisvės pr. 59,2466.24,2 aukštų pastatas,"lopšelis-darželis ""Kodėlčiukas""",2014-06-01,2024-06-01,,,Šeškinės,Ugdymo veiklai,Panauda
473,Lakštingalų g. 10,4816.24,"trys 2 aukštų pastata, kiemo statiniai","lopšelis-darželis ""Lakštingala""",,,,,Antakalnio,Ugdymo veiklai,Panauda
474,Latvių g. 40,1883.8,"2 aukštų pastatas, kiemo statiniai (11 stoginių, tvora, kiemo aikštelė, baseinas)","Vilniaus lopšelis-darželis ""Boružėlė""",2013-09-01-,2023-09-01,,,Žvėryno,Ugdymo veiklai,Panauda
475,Medeinos g. 5,2212,2 aukštų pastatas,"""Aušros"" mokykla-darželis",2014-04-07,2024-04-07,,,Pašilaičių,Ugdymo veiklai,Panauda
476,Mickevičiaus g. 21,632.05,2 aukštų pastatas,"lopšelis-darželis ""Linelis""",,,,,Žvėryno,Ugdymo veiklai,Panauda
477,Miglos g. 1,2234.25,2 aukštų pastatas,"Vilniaus darželis-mokykla ""Saulutė""",2014-04-07,2024-04-07,,,Žvėryno,Ugdymo veiklai,Panauda
478,Miglos g. 3,3311.56,"2 aukštų pastatas, kiemo statiniai (7 stoginės, tvora, baseinas, kiemo aikštelė)","lopšelis-darželis ""Eglutė""",2014-06-01,2024-06-01,,,Žvėryno,Ugdymo veiklai,Panauda
479,Miglos g. 53,1024.18,2 aukštų pastatas,"lopšelis-darželis ""Pušynėlis""",,,,,Žvėryno,Ugdymo veiklai,Panauda
480,Minties g. 56,222.53,1 aukštas,Vilniaus Žirmūnų vaikų ir jaunimo klubas,2013-08-17,2018-08-17,,,Žirmūnų,Ugdymo veiklai,Panauda
481,Moksleivių g. 1,124.61,"1 aukšto pastatas, kiemo statiniai",Panerių pagrindinė mokykla,,,,,Panerių,Ugdymo veiklai,Panauda
482,Paberžės g. 20,2503.75,2 aukštų pastatas,"Biudžetinė įstaiga Vilniaus lopšelis-darželis ""Bitutė""",2012-06-25,2022-06-25,,,Šeškinės,Ugdymo veiklai,Panauda
483,Pajautos g. 5,180.84,patalpos pastate,"lopšelis-darželis ""Gilužis""",,,,,Pilaitės,Ugdymo veiklai,Panauda
484,Pakraščio g. 15,2214.5,"2 aukštų pastatas, 5 stoginės, kiemo statiniai (tvora, kiemo aikštelė)",Biudžetinė įstaiga Vilniaus Markučių lopšelis-darželis,2012-07-01,2022-07-01,,,Rasų,Ugdymo veiklai,Panauda
485,Parko g. 8A,885.5,2 aukštų pastatas,"lopšelis-darželis ""Žuvėdra""",,,,,Naujosios Vilnios,Ugdymo veiklai,Panauda
486,Pašilaičių g. 10,2242.4,2 aukštų pastatas,"Vilniaus lopšelis-darželis ""Aitvaras""",2013-09-01,2023-09-01,,,Pašilaičių,Ugdymo veiklai,Panauda
487,Pergalės g. 13,346.84,1 aukšto pastatas,"biudžetinė įstaiga Vilniaus atviras jaunimo centras ""Mes""",2013-11-25,2019-03-05,,,Naujosios Vilnios,Ugdymo veiklai,Panauda
488,Pergalės g. 20,2833.01,"2 aukštų pastatas, kiemo statiniai (kiemo aikštelė, tvora)","lopšelis-darželis ""Vilnelė""",,,,,Naujosios Vilnios,Ugdymo veiklai,Panauda
489,Pylimo g. 10,48.38,rūsys,"Savivaldybės biudžetinė įstaiga Vilniaus vaikų ir jaunimo klubas ""Ąžuoliukas""",2014-03-07,2019-03-06,,,Senamiesčio,Ugdymo veiklai,Panauda
490,Povilaičio g. 20,286.51,1 aukštas,"Vilniaus vaikų ir jaunimo klubas ""Meteoras""",2014-03-10,2019-03-10,,,Karoliniškių,Ugdymo veiklai,Panauda
491,Pupinės g. 11,1847.67,2 aukštų pastatas,Salininkų gimnazija,,,,,Naujininkų,Ugdymo veiklai,Panauda
492,Rinktinės g. 28A,920.97,"2 aukštų pastatas, kiemo statiniai (kiemo aikštelė, 2 stoginės)","lopšelis-darželis ""Drugelis""",2014-06-01,2024-06-01,,,Šnipiškių,Ugdymo veiklai,Panauda
493,Rinktinės g. 29,1859.9,"2 aukštų pastatas, kiemo rūsys, sandėlis, kiemo statiniai (baseinas, tvora, kiemo aikštelė)","lopšelis-darželis ""Vaidilutė""",,,,,Žirmūnų,Ugdymo veiklai,Panauda
494,Rinktinės g. 38A,825.93,"2 aukštų pastatas, kiemo statiniai (4 stoginės, kiemo tvora, aikštelė)","lopšelis-darželis ""Žvangutis""",,,,,Šnipiškių,Ugdymo veiklai,Panauda
495,Saltoniškių g. 21,15.35,rūsys," Vilniaus vaikų ir jaunimo klubas ""Jaunystė""",2014-07-02,2019-07-01,,,Žvėryno,Ugdymo veiklai,Panauda
496,Saltoniškių g. 21,84.29,rūsys,"Vilniaus vaikų ir jaunimo klubas ""Jaunystė""",2012-05-27,2017-05-27,,,Žvėryno,Ugdymo veiklai,Panauda
497,Santariškių g. 27A,3581.13,2 aukštų pastatas,Vilniaus Santariškių lopšelis-darželis,2015-04-27,2025-04-27,,,Verkių,Ugdymo veiklai,Panauda
498,Savanorių pr. 49,235,rūsys-slėptuvė ir 1 aukštas,"Vilniaus vaikų ir jaunimo klubas ""Olimpija""",2014-03-07,2019-03-07,,,Vilkpėdės,Ugdymo veiklai,Panauda
499,Savanorių pr. 55,215.14,"1 aukšto pastatas, kiemo statiniai (smėlio dėžė, tvora, kiemo aikštelė)","Vilniaus specialusis darželis ""Dobilėlis""",2013-09-01,2023-09-01,,,Vilkpėdės,Ugdymo veiklai,Panauda
500,Sierakausko g. 28,894.51,"2 aukštų pastatas, 3 stoginės, namukas, kiemo statiniai","lopšelis-darželis ""Sadutė""",,,,,Naujamiesčio,Ugdymo veiklai,Panauda
501,Sietyno g. 5,2648.39,"2 aukštų pastatas, 6 pavėsinės, kiemo statiniai (tvora, kiemo aikštelė, baseinas)","lopšelis-darželis ""Šilelis""",,,,,Karoliniškių,Ugdymo veiklai,Panauda
502,Sietyno g. 9,2668.17,"du 2 aukštų pastatai, 7 stoginės, kiemo statiniai (tvora, kiemo aikštelė, smėlio dėžė, baseinas)","lopšelis-darželis ""Delfinukas""",2013-09-01,2023-09-01,,,Karoliniškių,Ugdymo veiklai,Panauda
503,Skydo g. 30,149.85,1 aukštas,Vilniaus miesto sporto centras,2015-01-01,2025-01-01,,,Naujosios Vilnios,Ugdymo veiklai,Panauda
504,Skorinos g. 14,562.66,"2 aukštų pastatas, kiemo r8sys, kiemo statiniai (tvora, kiemo aikštelė)","Vilniaus chorinio dainavimo mokykla ""Liepaitės"" (543,36 kv. m)",2011-06-15,2016-06-15,,,Naujamiesčio,Ugdymo veiklai,Panauda
505,Skroblų g. 13,2663.77,"du 2 aukštų pastatai, 11 stoginių, kiemo statiniai (kiemo aikštelė, tvora)","lopšelis-darželis ""Skroblinukas""",,,,,Vilkpėdės,Ugdymo veiklai,Panauda
506,Smėlio g. 13,579.28,"2 aukštų pastatas, sandėlis, kiemo statiniai (2 stoginės, tvora, kiemo aikštelė)","Vilniaus vaikų darželis ""Naminukas""",2013-09-01,2023-09-01,,,Antakalnio,Ugdymo veiklai,Panauda
507,Stadiono g. 5,579.74,"2 aukštų pastatas, 2 pavėsinės, kiemo tvora","lopšelis-darželis ""Klevelis""",2014-06-01,2024-06-01,,,Rasų,Ugdymo veiklai,Panauda
508,Stanevičiaus g. 21,2299.68,2 aukštų pastatas,"lopšelis-darželis ""Jovarėlis""",2014-06-01,2024-06-01,,,Fabijoniškių,Ugdymo veiklai,Panauda
509,Stanevičiaus g. 68,3406.34,"patalpos 2 aukštų pastate, kiemo statiniai (tvora, baseinas)","lopšelis-darželis ""Vėrinėlis""",2013-03-01,2023-03-01,,,Fabijoniškių,Ugdymo veiklai,Panauda
510,Stanevičiaus g. 86,2263.14,2 aukštų pastatas,"lopšelis-darželis ""Sakalėlis""",,,,,Fabijoniškių,Ugdymo veiklai,Panauda
511,Suvalkų g. 6,795.74,"du 2 aukštų pastatai, 2 pavėsinės, kiemo statiniai (3 tvoros, 3 varteliai)","darželis ""Kulverstukas""",,,,,Naujamiesčio,Ugdymo veiklai,Panauda
512,Šaltkalvių g. 13,1787.4,"2 aukštų pastatas, kiemo statiniai (10 pavėsinių, kiemo aikštelė, tvora)","darželis-mokykla ""Šaltinėlis""",2014-04-07,2024-04-07,,,Naujininkų,Ugdymo veiklai,Panauda
513,Šiaulių g. 8,81.41,1 aukštas,"Vilniaus vaikų ir jaunimo klubas ""Kregždutė""",2014-06-03,2019-06-02,,,Senamiesčio,Ugdymo veiklai,Panauda
514,"Šiaulių g. 8, 6-19",140.69,1 aukštas,"Viešoji įstaiga ""Mažoji guboja""",2014-06-03,2019-06-02,,13790.55,Senamiesčio,Ugdymo veiklai,Panauda
515,Šimulionio g. 8,2471.03,"2 aukštų pastatas, 12 stoginės, kiemo statiniai (tvora, kiemo aikštelė)","Darželis-mokykla ""Lokiukas""",2014-04-07,2024-04-07,,,Karoliniškių,Ugdymo veiklai,Panauda
516,Šopeno g. 3,140.44,1 aukštas," biudžetinė įstaiga Vilniaus atviras jaunimo centras ""Mes""",2014-08-18,2019-08-17,,,Senamiesčio,Ugdymo veiklai,Panauda
517,Švitrigailos g. 6,450.07,"1 aukštas, namukas, kiemo statiniai",Naujamiesčio moksleivių namai,,,,,Naujamiesčio,Ugdymo veiklai,Panauda
518,Taikos g. 15,2152.02,"2 aukštų pastatas, kiemo statinai (tvora, kiemo aikštelė)","darželis-mokykla ""Vilija""",2014-04-07,2024-04-07,,,Justiniškių,Ugdymo veiklai,Panauda
519,Taikos g. 190,2164.26,2 aukštų pastatas,"lopšelis-darželis ""Nykštukas""",,,,,Justiniškių,Ugdymo veiklai,Panauda
520,Taikos g. 31,2143.6,2 aukštų pastatas,"lopšelis-darželis ""Saulėgrąža""",,,,,Justiniškių,Ugdymo veiklai,Panauda
521,Taikos g. 99,2125.05,2 aukštų pastatas,"lopšelis-darželis ""Justinukas""",2014-06-01,2024-06-01,,,Justiniškių,Ugdymo veiklai,Panauda
522,Trakų g. 12,1229.52,1 aukštas,"lopšelis-darželis ""Gudrutis""",,,,,Senamiesčio,Ugdymo veiklai,Panauda
523,Trakų g. 8-3,166.88,3 aukštas,"Vaikų ir jaunimo klubas ""Ąžuoliukas""",2014-03-07,2019-03-06,,,Senamiesčio,Ugdymo veiklai,Panauda
524,Tremtinių g. 1,519.55,"2-jų aukštų pastatas, kiemo statiniai",Vilniaus J. Vienožinskio dailės mokykla,,,,,Naujosios Vilnios,Ugdymo veiklai,Panauda
525,Tremtinių g. 4,204.38,du 1 aukšto pastatai,Vilniaus J. Vienožinskio dailės mokykla,,,,,Naujosios Vilnios,Ugdymo veiklai,Panauda
526,"Trinapolio g. 9A-3, 11",1407.02,"2, 3 aukštai","VšĮ ""Mažasis Trinapolis""",2013-02-01,2018-02-01,,25326.36,Verkių,Ugdymo veiklai,Panauda
527,Tujų g. 1,2489.55,2 aukštų pastatas,"lopšelis-darželis ""Puriena""",,,,,Viršuliškių,Ugdymo veiklai,Panauda
528,Tuskulėnų g. 42,3516.76,"2 aukštų pastatas, tvora, automobilių stovėjimo aikštelė, pėsčiųjų takai, kiemo statiniai (14 stoginių), baseinas","darželis-mokykla ""Vaivorykštė""",2014-04-07,2024-04-07,,,Žirmūnų,Ugdymo veiklai,Panauda
529,Ukmergės g. 186,248.46,rūsys,Vilniaus miesto sporto centras,2015-01-01,2025-01-01,,,Šeškinės,Ugdymo veiklai,Panauda
530,Ukmergės g. 204,2476.98,2 aukštų pastatas,"lopšelis-darželis ""Varpelis""",,,,,Šeškinės,Ugdymo veiklai,Panauda
531,Ukmergės g. 221,929.87,"rūsys, 1 aukštas","Vilniaus vaikų ir jaunimo klubas ""Verdenė""",2008-08-13,2018-08-14,,,Šeškinės,Ugdymo veiklai,Panauda
532,Vaduvos g. 14A,3386.59,2 aukštų pastatas,Vaduvos darželis-mokykla,2014-04-07,2024-04-07,,,Vilkpėdės,Ugdymo veiklai,Panauda
533,Verkių g. 17,1312.16,visas pastatas,"lopšelis-darželis ""Žirniukas""",,,,,Žirmūnų,Ugdymo veiklai,Panauda
534,Viršuliškių g. 34,93.22,1 aukštas,"Vilniaus vaikų ir jaunimo klubas ""Liepsnelė""",2008-08-13,2018-08-13,,,Viršuliškių,Ugdymo veiklai,Panauda
535,Viršuliškių g. 9,2418.6,2 aukštų pastatas,"lopšelis-darželis ""Žilvitis""",,,,,Viršuliškių,Ugdymo veiklai,Panauda
536,Vivulskio g. 8A,1005.6,"2 aukštų pastatas, ūkio pastatas, 4 stoginės, kiemo statiniai","lopšelis-darželis ""Mažylis""",,,,,Naujamiesčio,Ugdymo veiklai,Panauda
537,Vytenio g. 41,838.43,"2 aukštų pastatas, kiemo statiniai","lopšelis-darželis ""Šnekutis""",,,,,Naujamiesčio,Ugdymo veiklai,Panauda
538,Vytenio g. 6,328.64,"1, 2 aukštai ir tarp 1 ir 2 aukštų",BĮ Vilniaus miesto sporto centras,2014-10-01,2019-09-30,,,Naujamiesčio,Ugdymo veiklai,Panauda
539,Vokiečių g. 1,384.13,1 aukštas,"Vilniaus darželis ""Pasagėlė""", ,,,,Senamiesčio,Ugdymo veiklai,Panauda
540,Žemaitės g. 3,1673.16,"2 aukštų pastatas, kiemo statiniai (baseinas, tvora, kiemo aikštelė, smėlio dėžė)","lopšelis-darželis ""Bangelė""",2014-06-01,2024-06-01,,,Vilkpėdės,Ugdymo veiklai,Panauda
541,Žemynos g. 13,2222.36,2 aukštų pastatas,"lopšelis-darželis ""Žemyna""",,,,,Vilkpėdės,Ugdymo veiklai,Panauda
542,Žemynos g. 41,2228.44,2 aukštų pastatas,"lopšelis-darželis ""Žiedas""",,,,,Vilkpėdės,Ugdymo veiklai,Panauda
543,Žirmūnų g. 10,1857.19,"2 aukštų pastatas, stoginė, kiemo statiniai (kiemo aikštelė, tvora, baseinas)","Vilniaus lopšelis-darželis ""Ramunėlė""",2012-07-01,2022-07-01,,,Žirmūnų,Ugdymo veiklai,Panauda
544,Žirmūnų g. 13,1786.3,visas pastatas,"Vilniaus lopšelis-darželis ""Žirmūnėliai""",,,,,Žirmūnų,Ugdymo veiklai,Panauda
545,Žirmūnų g. 32,1775.23,2 aukštų pastatas,"Vilniaus lopšelis-darželis ""Ąžuolas""",2014-07-29,2024-07-28,,,Žirmūnų,Ugdymo veiklai,Panauda
546,Žirmūnų g. 37,1381.31,patalpos,Vilniaus moksleivių sveikatos centras,,,,,Žirmūnų,Ugdymo veiklai,Panauda
547,Žirmūnų g. 50,1727.82,"visas pastatas, kiemo statiniai (5 pavėsinės, tvora, kiemo aikštelė)","Vilniaus lopšelis-darželis ""Rūta""",,,,,Žirmūnų,Ugdymo veiklai,Panauda
548,Žolyno g. 44,2351.05,"du 2 aukštų pastatai, 2 ūkiniai pastatai, kiemo statiniai (9 stoginės, tvora, kiemo aikštelė, baseinas)","lopšelis-darželis ""Žolynėlis""",,,,,Antakalnio,Ugdymo veiklai,Panauda
549,Darbininkų g. 16,290.69,1 aukštas,"UAB ""Vaga""",2001-04-02,2018-04-02,,12123.2,Naujininkų,Komercinei (prekybos ir paslaugų),Panauda
550,"Grigiškių m., Vilniaus g. 6",112.84,2 aukštas,AB Lietuvos paštas,1997-07-24,2017-07-24,,6378,Grigiškių,Komercinei (prekybos ir paslaugų),Panauda
551,Sėlių g. 39-42,269.8,"rūsys, 1 aukštas","Lietuvos vaikų fondo viešoji įstaiga ""Šilelio knygynas""",1994-01-17,2019-01-17,,20422.56,Panerių,Komercinei (prekybos ir paslaugų),Panauda
552,Vilniaus g. 20,264.35,1 aukštas,"VšĮ ""Socialiniai paramos projektai""",2013-03-11,2018-03-11,,20790.95,Grigiškių,Komercinei (prekybos ir paslaugų),Panauda
553,Žirmūnų g. 143,115.8,1 aukštas,"Neįgaliųjų socialinė įmonė UAB ""Metras""",2015-02-10,2020-02-10,,5295,Žirmūnų,Komercinei (prekybos ir paslaugų),Panauda
554,Antakalnio g. 49,314.68,"rūsys, 1 aukštas",Savivaldybės BĮ VMS centrinės bibliotekos Antakalnio biblioteka,2014-10-01,2024-10-01,,,Antakalnio,Kultūros veiklai,Panauda
555,Architektų g. 220,72.81,pusrūsis,"Savivaldybės BĮ VMS centrinės bibliotekos biblioteka ""Papartis""",2014-10-01,2024-10-01,,,Lazdynų,Kultūros veiklai,Panauda
556,Ašmenos g. 8,304.12,3 aukštas,Viešoji įstaiga Oskaro Koršunovo teatras,2014-02-03,2016-06-20,,25694.51,Senamiesčio,Kultūros veiklai,Panauda
557,Basanavičiaus g. 23,102.56,1 aukštas,"Vilniaus miesto savivaldybės choras ""Jauna muzika""",1997-12-22,laikinai,,,Naujamiesčio,Kultūros veiklai,Panauda
558,Bernardinų g. 8,280.44,"2-jų aukštų pastatas, 2-jų aukštų pastatas - sandėlis","VšĮ ""Menų spaustuvė""",2002-12-01,2031-01-01,,3362.78,Senamiesčio,Kultūros veiklai,Panauda
559,Dariaus ir Girėno g. 69,380.95,1 ir 2 aukštai,Savivaldybės BĮ Kirtimų kultūros centras,2014-10-01,2019-09-30,,,Naujininkų,Kultūros veiklai,Panauda
560,Didžioji g. 31,33.38,1 aukštas,Viešoji įstaiga Vilniaus turizmo informacijos centras ir konferencijų biuras,2012-10-03,2017-10-03,,,Senamiesčio,Kultūros veiklai,Panauda
561,Dzūkų g. 37,282.35,2 aukštų pastatas,VMSA centrinės bibliotekos Dzūkų filialas,2014-10-01,2024-10-01,,,Naujininkų,Kultūros veiklai,Panauda
562,"Erfurto g. 4-46, 48",139.01,1 aukštas,VMSA centrinės bibliotekos Lazdynų biblioteka,2014-10-01,2024-10-01,,,Lazdynų,Kultūros veiklai,Panauda
563,Garsioji g. 3,210.49,"1 aukšto pastatas, ūkio pastatas, kiemo statiniai",Savivaldybės BĮ VMS centrinės bibliotekos Pavilnio biblioteka,2014-10-01,2024-10-01,,,Naujosios Vilnios,Kultūros veiklai,Panauda
564,Gerovės g. 1,2015.19,"rūsys, 1, 2 aukštai",Savivaldybės biudžetinė įstaiga Naujosios Vilnios kultūros centras,2014-07-02,2019-07-01,,,Naujosios Vilnios,Kultūros veiklai,Panauda
565,Goštauto g. 2,486.65,"rūsys, 1, 2 aukštai","Viešoji įstaiga ""Skalvijos kino centras""",2013-10-20,2023-10-20,,,Naujamiesčio,Kultūros veiklai,Panauda
566,Goštauto g. 2,56.33,1 aukštas,Tėviškės pažinimo paramos fondas,2012-04-11,2017-04-11,,8688.6,Grigiškių,Kultūros veiklai,Panauda
567,Grigiškių m. Kovo 11-osios g. 28,129.95,1 aukštas,Savivaldybės BĮ VMS centrinės bibliotekos Grigiškių biblioteka,2014-10-01,2024-10-01,,,Grigiškių,Kultūros veiklai,Panauda
568,"Grigiškių m., Vilniaus g. 12",1289.75,"rūsys, 1, 2 aukštai",Grigiškių kultūros centras,2014-04-21,2024-04-20,,,Grigiškių,Kultūros veiklai,Panauda
569,Jeruzalės g. 27,83.76,1 aukštas,Savivaldybės BĮ VMS centrinės bibliotekos Jeruzalės biblioteka,2014-10-01,2024-10-01,,,Verkių,Kultūros veiklai,Panauda
570,Justiniškių g. 62A,68.99,2 aukštas,Savivaldybės BĮ VMS centrinės bibliotekos Justiniškių biblioteka,2014-10-14,2024-10-14,,,Justiniškių,Kultūros veiklai,Panauda
571,Kalvarijų g. 29,358.37,2 aukštas,Savivaldybės BĮ VMS centrinės bibliotekos Kalvarijų biblioteka,2014-10-01,2024-10-01,,,Šnipiškių,Kultūros veiklai,Panauda
572,Krivių g. 10,254.18,stogas ir apsauginė siena,"VšĮ ""Užupio meno inkubatorius""",2010-07-05,2028-12-31,,16470.86,Senamiesčio,Kultūros veiklai,Panauda
573,Musninkų g. 12-37,67.05,1 aukštas,Savivaldybės BĮ VMS centrinės bibliotekos Šeškinės bibliotekos filialas,2014-10-01,2024-10-01,,,Šeškinės,Kultūros veiklai,Panauda
574,Naugarduko g. 20,210.29,"1,2,3 aukštai",Viešoji įstaiga Vilniaus miesto senamiesčio teatras,2007-05-10,2017-05-10,,11497.91,Naujamiesčio,Kultūros veiklai,Panauda
575,"Nidos g. 2-48, 49",190.6,1 aukštas,Vilniaus miesto savivaldybės centrinė biblioteka,2013-01-02,2018-01-02,,,Pilaitės,Kultūros veiklai,Panauda
576,Pamėnkalnio g. 34,229.26,"rūsys, 1 ir 2 aukštas",Savivaldybės BĮ Vilniaus etninės kultūros centras,2009-10-01,2019-10-01,,,Naujamiesčio,Kultūros veiklai,Panauda
577,Pamėnkalnio g. 34,41.99,1 aukštas,Savivaldybės BĮ Vilniaus memorialinių muziejų direkcija,2009-10-01,2019-10-01,,,Naujamiesčio,Kultūros veiklai,Panauda
578,Pamėnkalnio g. 34,79.99,1 aukštas,Savivaldybės BĮ Vilniaus memorialinių muziejų direkcija,2009-10-01,2019-10-01,,,Naujamiesčio,Kultūros veiklai,Panauda
579,Pilies g. 40,378.18,2 aukštų pastatas,Savivaldybės BĮ Marijos ir Jurgio Šlapelių namas-muziejus,2009-10-01,2019-10-01,,,Senamiesčio,Kultūros veiklai,Panauda
580,Povilaičio g. 20,349.15,2 aukštas,Savivaldybės BĮ VMS centrinės bibliotekos Karoliniškių biblioteka,2014-10-01,2024-10-01,,,Karoliniškių,Kultūros veiklai,Panauda
581,Rinktinės g. 50,156.92,5 aukštas,BĮ Vilniaus kultūros centras,2012-02-01,2017-02-01,,,Šnipiškių,Kultūros veiklai,Panauda
582,Savanorių pr. 59,314.63,"rūsys, 1 aukštas",Savivaldybės BĮ VMS centrinės bibliotekos Gerosios Vilties biblioteka,2010-01-18,2015-01-18,,,Vilkpėdės,Kultūros veiklai,Panauda
583,Savičiaus g. 11,273.27,"rūsys, 1 aukštas, 236/1000 dalis pastogės",Savivaldybės BĮ Kultūros informacijos centras M. K. Čiurlionio namai,2009-10-01,2019-10-01,,,Senamiesčio,Kultūros veiklai,Panauda
584,Stiklių g. 8,184.11,3 aukštas,Vilniaus miesto savivaldybės Šv. Kristoforo kamerinis orkestras,2012-10-11,2017-10-10,,,Senamiesčio,Kultūros veiklai,Panauda
585,Subačiaus g. 124,580.98,1 aukšto pastatas,Savivaldybės BĮ Literatūrinis A. Puškino muziejus,2009-10-01,2019-10-01,,,Rasų,Kultūros veiklai,Panauda
586,Subačiaus g. 124,29.32,1 aukšto pastatas,Savivaldybės BĮ Literatūrinis A. Puškino muziejus,2009-10-01,2019-10-01,,,Rasų,Kultūros veiklai,Panauda
587,Šiltadaržio g. 6,645.57,"2 a. pastatas, transformatorinė, sandėlis, stoginė, kiemo statiniai","VšĮ ""Menų spaustuvė""",2002-12-01,2031-01-01,,18407.38,Senamiesčio,Kultūros veiklai,Panauda
588,Šv. Stepono g. 23-58,65.67,1 aukštas,Savivaldybės BĮ VMS centrinės bibliotekos Tomo Zano filialas,2014-10-01,2024-10-01,,,Senamiesčio,Kultūros veiklai,Panauda
589,Šv. Stepono g. 25,47.18,1 aukštas,Savivaldybės BĮ VMS centrinės bibliotekos Tomo Zano filialas,2014-10-01,2024-10-01,,,Senamiesčio,Kultūros veiklai,Panauda
590,Šventaragio g. 2,12,vieta lieto metalo paviljone,Viešoji įstaiga VILNIAUS TURIZMO INFORMACIJOS CENTRAS ir konferencijų biuras,2013-12-02,2018-12-02,,,Senamiesčio,Kultūros veiklai,Panauda
591,Tauro g. 10-1,105.95,1 aukštas,Savivaldybės BĮ Vinco Krėvės - Mickevičiaus memorialinis butas-muziejus,2009-10-01,2019-10-01,,,Naujamiesčio,Kultūros veiklai,Panauda
592,Tauro g. 10-3,120.4,2 aukštas,Savivaldybės BĮ Vinco Mykolaičio - Putino memorialinis butas-muziejus,2009-10-01,2019-10-01,,,Naujamiesčio,Kultūros veiklai,Panauda
593,Trakų g. 2,693.06,"1, 2 aukštai",Viešoji įstaiga Vilniaus klubas,2015-03-18,2034-04-12,,71690,Senamiesčio,Kultūros veiklai,Panauda
594,Vasario 16-osios g. 8,164.55,"rūsys, 1 aukštas",Lietuvos kinematografininkų sąjunga,2007-12-27,2017-12-28,,29205.28,Naujamiesčio,Kultūros veiklai,Panauda
595,Vienuolio g. 12,72.03,1 aukštas,Vilniaus memorialinių muziejų direkcijos Beatričės Grincevičiūtės memorialinis butas-muziejus,2009-10-01,2019-10-01,,,Naujamiesčio,Kultūros veiklai,Panauda
596,Vilniaus g. 22,329.58,1 aukštas,Viešoji įstaiga Vilniaus turizmo informacijos centras ir konferencijų biuras,2013-07-12,2018-07-11,,,Senamiesčio,Kultūros veiklai,Panauda
597,Vilniaus g. 39,50.39,4 aukštas,BĮ Vilniaus kultūros centras,2010-10-19,2015-10-19,,,Senamiesčio,Kultūros veiklai,Panauda
598,Vilniaus g. 39,39.38,4 aukštas,"Viešoji įstaiga ""Skalvijos"" kino centras",2012-05-14,2017-05-14,,,Senamiesčio,Kultūros veiklai,Panauda
599,Vilniaus g. 39,4274.41,patalpos pastate,VšĮ Vilniaus mokytojų namai,2010-11-02,2020-11-02,,,Senamiesčio,Kultūros veiklai,Panauda
600,Vilniaus g. 39,257.5,1 aukštas,VšĮ Vilniaus vaikų ir jaunimo galerija,2014-10-05,2019-10-05,,34964.67,Senamiesčio,Kultūros veiklai,Panauda
601,Vivulskio g. 27,218.6,1 aukštas,VMSA centrinės bibliotekos Naujamiesčio biblioteka ir Dokumentų komplektavimo ir katalogavimo skyrius,2014-10-01,2024-10-01,,,Naujamiesčio,Kultūros veiklai,Panauda
602,Žirmūnų g. 2-102,145.42,2 aukštas,"Savivaldybės BĮ VMS centrinės bibliotekos biblioteka ""Saulutė""",2014-10-01,2024-10-01,,,Žirmūnų,Kultūros veiklai,Panauda
603,Žirmūnų g. 6,1176.55,1 aukšto pastatas,Savivaldybės biudžetinė įstaiga Vilniaus miesto savivaldybės centrinė biblioteka,2014-02-10,2024-02-10,,,Žirmūnų,Kultūros veiklai,Panauda